Execute       source -notrace -encoding utf-8 C:/Xilinx/2025.1/Vitis/tps/tcl/tcl8.6/clock.tcl 
Execute         source -encoding utf-8 C:/Xilinx/2025.1/Vitis/tps/tcl/tcl8/8.5/msgcat-1.6.1.tm 
Execute           source C:/Xilinx/2025.1/Vitis/tps/tcl/tcllib2.0/0compatibility/pkgIndex.tcl 
Execute           source C:/Xilinx/2025.1/Vitis/tps/tcl/tcllib2.0/amazon-s3/pkgIndex.tcl 
Execute           source C:/Xilinx/2025.1/Vitis/tps/tcl/tcllib2.0/asn/pkgIndex.tcl 
Execute           source C:/Xilinx/2025.1/Vitis/tps/tcl/tcllib2.0/base32/pkgIndex.tcl 
Execute           source C:/Xilinx/2025.1/Vitis/tps/tcl/tcllib2.0/base64/pkgIndex.tcl 
Execute           source C:/Xilinx/2025.1/Vitis/tps/tcl/tcllib2.0/bee/pkgIndex.tcl 
Execute           source C:/Xilinx/2025.1/Vitis/tps/tcl/tcllib2.0/bench/pkgIndex.tcl 
Execute           source C:/Xilinx/2025.1/Vitis/tps/tcl/tcllib2.0/bibtex/pkgIndex.tcl 
Execute           source C:/Xilinx/2025.1/Vitis/tps/tcl/tcllib2.0/cache/pkgIndex.tcl 
Execute           source C:/Xilinx/2025.1/Vitis/tps/tcl/tcllib2.0/clay/pkgIndex.tcl 
Execute           source C:/Xilinx/2025.1/Vitis/tps/tcl/tcllib2.0/clock/pkgIndex.tcl 
Execute           source C:/Xilinx/2025.1/Vitis/tps/tcl/tcllib2.0/cmdline/pkgIndex.tcl 
Execute           source C:/Xilinx/2025.1/Vitis/tps/tcl/tcllib2.0/comm/pkgIndex.tcl 
Execute           source C:/Xilinx/2025.1/Vitis/tps/tcl/tcllib2.0/control/pkgIndex.tcl 
Execute           source C:/Xilinx/2025.1/Vitis/tps/tcl/tcllib2.0/coroutine/pkgIndex.tcl 
Execute           source C:/Xilinx/2025.1/Vitis/tps/tcl/tcllib2.0/counter/pkgIndex.tcl 
Execute           source C:/Xilinx/2025.1/Vitis/tps/tcl/tcllib2.0/crc/pkgIndex.tcl 
Execute           source C:/Xilinx/2025.1/Vitis/tps/tcl/tcllib2.0/cron/pkgIndex.tcl 
Execute           source C:/Xilinx/2025.1/Vitis/tps/tcl/tcllib2.0/csv/pkgIndex.tcl 
Execute           source C:/Xilinx/2025.1/Vitis/tps/tcl/tcllib2.0/debug/pkgIndex.tcl 
Execute           source C:/Xilinx/2025.1/Vitis/tps/tcl/tcllib2.0/defer/pkgIndex.tcl 
Execute           source C:/Xilinx/2025.1/Vitis/tps/tcl/tcllib2.0/dicttool/pkgIndex.tcl 
Execute           source C:/Xilinx/2025.1/Vitis/tps/tcl/tcllib2.0/dns/pkgIndex.tcl 
Execute           source C:/Xilinx/2025.1/Vitis/tps/tcl/tcllib2.0/docstrip/pkgIndex.tcl 
Execute           source C:/Xilinx/2025.1/Vitis/tps/tcl/tcllib2.0/doctools/pkgIndex.tcl 
Execute           source C:/Xilinx/2025.1/Vitis/tps/tcl/tcllib2.0/doctools2base/pkgIndex.tcl 
Execute           source C:/Xilinx/2025.1/Vitis/tps/tcl/tcllib2.0/doctools2idx/pkgIndex.tcl 
Execute           source C:/Xilinx/2025.1/Vitis/tps/tcl/tcllib2.0/doctools2toc/pkgIndex.tcl 
Execute           source C:/Xilinx/2025.1/Vitis/tps/tcl/tcllib2.0/dtplite/pkgIndex.tcl 
Execute           source C:/Xilinx/2025.1/Vitis/tps/tcl/tcllib2.0/fileutil/pkgIndex.tcl 
Execute           source C:/Xilinx/2025.1/Vitis/tps/tcl/tcllib2.0/ftp/pkgIndex.tcl 
Execute           source C:/Xilinx/2025.1/Vitis/tps/tcl/tcllib2.0/ftpd/pkgIndex.tcl 
Execute           source C:/Xilinx/2025.1/Vitis/tps/tcl/tcllib2.0/fumagic/pkgIndex.tcl 
Execute           source C:/Xilinx/2025.1/Vitis/tps/tcl/tcllib2.0/generator/pkgIndex.tcl 
Execute           source C:/Xilinx/2025.1/Vitis/tps/tcl/tcllib2.0/gpx/pkgIndex.tcl 
Execute           source C:/Xilinx/2025.1/Vitis/tps/tcl/tcllib2.0/grammar_aycock/pkgIndex.tcl 
Execute           source C:/Xilinx/2025.1/Vitis/tps/tcl/tcllib2.0/grammar_fa/pkgIndex.tcl 
Execute           source C:/Xilinx/2025.1/Vitis/tps/tcl/tcllib2.0/grammar_me/pkgIndex.tcl 
Execute           source C:/Xilinx/2025.1/Vitis/tps/tcl/tcllib2.0/grammar_peg/pkgIndex.tcl 
Execute           source C:/Xilinx/2025.1/Vitis/tps/tcl/tcllib2.0/hook/pkgIndex.tcl 
Execute           source C:/Xilinx/2025.1/Vitis/tps/tcl/tcllib2.0/html/pkgIndex.tcl 
Execute           source C:/Xilinx/2025.1/Vitis/tps/tcl/tcllib2.0/htmlparse/pkgIndex.tcl 
Execute           source C:/Xilinx/2025.1/Vitis/tps/tcl/tcllib2.0/http/pkgIndex.tcl 
Execute           source C:/Xilinx/2025.1/Vitis/tps/tcl/tcllib2.0/httpd/pkgIndex.tcl 
Execute           source C:/Xilinx/2025.1/Vitis/tps/tcl/tcllib2.0/httpwget/pkgIndex.tcl 
Execute           source C:/Xilinx/2025.1/Vitis/tps/tcl/tcllib2.0/ident/pkgIndex.tcl 
Execute           source C:/Xilinx/2025.1/Vitis/tps/tcl/tcllib2.0/imap4/pkgIndex.tcl 
Execute           source C:/Xilinx/2025.1/Vitis/tps/tcl/tcllib2.0/inifile/pkgIndex.tcl 
Execute           source C:/Xilinx/2025.1/Vitis/tps/tcl/tcllib2.0/interp/pkgIndex.tcl 
Execute           source C:/Xilinx/2025.1/Vitis/tps/tcl/tcllib2.0/irc/pkgIndex.tcl 
Execute           source C:/Xilinx/2025.1/Vitis/tps/tcl/tcllib2.0/javascript/pkgIndex.tcl 
Execute           source C:/Xilinx/2025.1/Vitis/tps/tcl/tcllib2.0/jpeg/pkgIndex.tcl 
Execute           source C:/Xilinx/2025.1/Vitis/tps/tcl/tcllib2.0/json/pkgIndex.tcl 
Execute           source C:/Xilinx/2025.1/Vitis/tps/tcl/tcllib2.0/lambda/pkgIndex.tcl 
Execute           source C:/Xilinx/2025.1/Vitis/tps/tcl/tcllib2.0/lazyset/pkgIndex.tcl 
Execute           source C:/Xilinx/2025.1/Vitis/tps/tcl/tcllib2.0/ldap/pkgIndex.tcl 
Execute           source C:/Xilinx/2025.1/Vitis/tps/tcl/tcllib2.0/log/pkgIndex.tcl 
Execute           source C:/Xilinx/2025.1/Vitis/tps/tcl/tcllib2.0/map/pkgIndex.tcl 
Execute           source C:/Xilinx/2025.1/Vitis/tps/tcl/tcllib2.0/mapproj/pkgIndex.tcl 
Execute           source C:/Xilinx/2025.1/Vitis/tps/tcl/tcllib2.0/markdown/pkgIndex.tcl 
Execute           source C:/Xilinx/2025.1/Vitis/tps/tcl/tcllib2.0/math/pkgIndex.tcl 
Execute           source C:/Xilinx/2025.1/Vitis/tps/tcl/tcllib2.0/md4/pkgIndex.tcl 
Execute           source C:/Xilinx/2025.1/Vitis/tps/tcl/tcllib2.0/md5/pkgIndex.tcl 
Execute           source C:/Xilinx/2025.1/Vitis/tps/tcl/tcllib2.0/md5crypt/pkgIndex.tcl 
Execute           source C:/Xilinx/2025.1/Vitis/tps/tcl/tcllib2.0/mime/pkgIndex.tcl 
Execute           source C:/Xilinx/2025.1/Vitis/tps/tcl/tcllib2.0/mkdoc/pkgIndex.tcl 
Execute           source C:/Xilinx/2025.1/Vitis/tps/tcl/tcllib2.0/multiplexer/pkgIndex.tcl 
Execute           source C:/Xilinx/2025.1/Vitis/tps/tcl/tcllib2.0/namespacex/pkgIndex.tcl 
Execute           source C:/Xilinx/2025.1/Vitis/tps/tcl/tcllib2.0/ncgi/pkgIndex.tcl 
Execute           source C:/Xilinx/2025.1/Vitis/tps/tcl/tcllib2.0/nettool/pkgIndex.tcl 
Execute           source C:/Xilinx/2025.1/Vitis/tps/tcl/tcllib2.0/nmea/pkgIndex.tcl 
Execute           source C:/Xilinx/2025.1/Vitis/tps/tcl/tcllib2.0/nns/pkgIndex.tcl 
Execute           source C:/Xilinx/2025.1/Vitis/tps/tcl/tcllib2.0/nntp/pkgIndex.tcl 
Execute           source C:/Xilinx/2025.1/Vitis/tps/tcl/tcllib2.0/ntp/pkgIndex.tcl 
Execute           source C:/Xilinx/2025.1/Vitis/tps/tcl/tcllib2.0/oauth/pkgIndex.tcl 
Execute           source C:/Xilinx/2025.1/Vitis/tps/tcl/tcllib2.0/oodialect/pkgIndex.tcl 
Execute           source C:/Xilinx/2025.1/Vitis/tps/tcl/tcllib2.0/oometa/pkgIndex.tcl 
Execute           source C:/Xilinx/2025.1/Vitis/tps/tcl/tcllib2.0/ooutil/pkgIndex.tcl 
Execute           source C:/Xilinx/2025.1/Vitis/tps/tcl/tcllib2.0/otp/pkgIndex.tcl 
Execute           source C:/Xilinx/2025.1/Vitis/tps/tcl/tcllib2.0/page/pkgIndex.tcl 
Execute           source C:/Xilinx/2025.1/Vitis/tps/tcl/tcllib2.0/pluginmgr/pkgIndex.tcl 
Execute           source C:/Xilinx/2025.1/Vitis/tps/tcl/tcllib2.0/png/pkgIndex.tcl 
Execute           source C:/Xilinx/2025.1/Vitis/tps/tcl/tcllib2.0/pop3/pkgIndex.tcl 
Execute           source C:/Xilinx/2025.1/Vitis/tps/tcl/tcllib2.0/pop3d/pkgIndex.tcl 
Execute           source C:/Xilinx/2025.1/Vitis/tps/tcl/tcllib2.0/practcl/pkgIndex.tcl 
Execute           source C:/Xilinx/2025.1/Vitis/tps/tcl/tcllib2.0/processman/pkgIndex.tcl 
Execute           source C:/Xilinx/2025.1/Vitis/tps/tcl/tcllib2.0/profiler/pkgIndex.tcl 
Execute           source C:/Xilinx/2025.1/Vitis/tps/tcl/tcllib2.0/pt/pkgIndex.tcl 
Execute           source C:/Xilinx/2025.1/Vitis/tps/tcl/tcllib2.0/rcs/pkgIndex.tcl 
Execute           source C:/Xilinx/2025.1/Vitis/tps/tcl/tcllib2.0/report/pkgIndex.tcl 
Execute           source C:/Xilinx/2025.1/Vitis/tps/tcl/tcllib2.0/rest/pkgIndex.tcl 
Execute           source C:/Xilinx/2025.1/Vitis/tps/tcl/tcllib2.0/ripemd/pkgIndex.tcl 
Execute           source C:/Xilinx/2025.1/Vitis/tps/tcl/tcllib2.0/sasl/pkgIndex.tcl 
Execute           source C:/Xilinx/2025.1/Vitis/tps/tcl/tcllib2.0/sha1/pkgIndex.tcl 
Execute           source C:/Xilinx/2025.1/Vitis/tps/tcl/tcllib2.0/simulation/pkgIndex.tcl 
Execute           source C:/Xilinx/2025.1/Vitis/tps/tcl/tcllib2.0/smtpd/pkgIndex.tcl 
Execute           source C:/Xilinx/2025.1/Vitis/tps/tcl/tcllib2.0/snit/pkgIndex.tcl 
Execute           source C:/Xilinx/2025.1/Vitis/tps/tcl/tcllib2.0/soundex/pkgIndex.tcl 
Execute           source C:/Xilinx/2025.1/Vitis/tps/tcl/tcllib2.0/stooop/pkgIndex.tcl 
Execute           source C:/Xilinx/2025.1/Vitis/tps/tcl/tcllib2.0/string/pkgIndex.tcl 
Execute           source C:/Xilinx/2025.1/Vitis/tps/tcl/tcllib2.0/stringprep/pkgIndex.tcl 
Execute           source C:/Xilinx/2025.1/Vitis/tps/tcl/tcllib2.0/struct/pkgIndex.tcl 
Execute           source C:/Xilinx/2025.1/Vitis/tps/tcl/tcllib2.0/tar/pkgIndex.tcl 
Execute           source C:/Xilinx/2025.1/Vitis/tps/tcl/tcllib2.0/tepam/pkgIndex.tcl 
Execute           source C:/Xilinx/2025.1/Vitis/tps/tcl/tcllib2.0/term/pkgIndex.tcl 
Execute           source C:/Xilinx/2025.1/Vitis/tps/tcl/tcllib2.0/textutil/pkgIndex.tcl 
Execute           source C:/Xilinx/2025.1/Vitis/tps/tcl/tcllib2.0/tie/pkgIndex.tcl 
Execute           source C:/Xilinx/2025.1/Vitis/tps/tcl/tcllib2.0/tiff/pkgIndex.tcl 
Execute           source C:/Xilinx/2025.1/Vitis/tps/tcl/tcllib2.0/tool/pkgIndex.tcl 
Execute           source C:/Xilinx/2025.1/Vitis/tps/tcl/tcllib2.0/transfer/pkgIndex.tcl 
Execute           source C:/Xilinx/2025.1/Vitis/tps/tcl/tcllib2.0/treeql/pkgIndex.tcl 
Execute           source C:/Xilinx/2025.1/Vitis/tps/tcl/tcllib2.0/try/pkgIndex.tcl 
Execute           source C:/Xilinx/2025.1/Vitis/tps/tcl/tcllib2.0/udpcluster/pkgIndex.tcl 
Execute           source C:/Xilinx/2025.1/Vitis/tps/tcl/tcllib2.0/uev/pkgIndex.tcl 
Execute           source C:/Xilinx/2025.1/Vitis/tps/tcl/tcllib2.0/units/pkgIndex.tcl 
Execute           source C:/Xilinx/2025.1/Vitis/tps/tcl/tcllib2.0/uri/pkgIndex.tcl 
Execute           source C:/Xilinx/2025.1/Vitis/tps/tcl/tcllib2.0/uuid/pkgIndex.tcl 
Execute           source C:/Xilinx/2025.1/Vitis/tps/tcl/tcllib2.0/valtype/pkgIndex.tcl 
Execute           source C:/Xilinx/2025.1/Vitis/tps/tcl/tcllib2.0/virtchannel_base/pkgIndex.tcl 
Execute           source C:/Xilinx/2025.1/Vitis/tps/tcl/tcllib2.0/virtchannel_core/pkgIndex.tcl 
Execute           source C:/Xilinx/2025.1/Vitis/tps/tcl/tcllib2.0/virtchannel_transform/pkgIndex.tcl 
Execute           source C:/Xilinx/2025.1/Vitis/tps/tcl/tcllib2.0/websocket/pkgIndex.tcl 
Execute           source C:/Xilinx/2025.1/Vitis/tps/tcl/tcllib2.0/wip/pkgIndex.tcl 
Execute           source C:/Xilinx/2025.1/Vitis/tps/tcl/tcllib2.0/yaml/pkgIndex.tcl 
Execute           source C:/Xilinx/2025.1/Vitis/tps/tcl/tcllib2.0/zip/pkgIndex.tcl 
Execute           source C:/Xilinx/2025.1/Vitis/tps/tcl/tcllib2.0/pkgIndex.tcl 
Execute             source C:/Xilinx/2025.1/Vitis/tps/tcl/tcllib2.0/0compatibility/pkgIndex.tcl 
Execute             source C:/Xilinx/2025.1/Vitis/tps/tcl/tcllib2.0/amazon-s3/pkgIndex.tcl 
Execute             source C:/Xilinx/2025.1/Vitis/tps/tcl/tcllib2.0/asn/pkgIndex.tcl 
Execute             source C:/Xilinx/2025.1/Vitis/tps/tcl/tcllib2.0/base32/pkgIndex.tcl 
Execute             source C:/Xilinx/2025.1/Vitis/tps/tcl/tcllib2.0/base64/pkgIndex.tcl 
Execute             source C:/Xilinx/2025.1/Vitis/tps/tcl/tcllib2.0/bee/pkgIndex.tcl 
Execute             source C:/Xilinx/2025.1/Vitis/tps/tcl/tcllib2.0/bench/pkgIndex.tcl 
Execute             source C:/Xilinx/2025.1/Vitis/tps/tcl/tcllib2.0/bibtex/pkgIndex.tcl 
Execute             source C:/Xilinx/2025.1/Vitis/tps/tcl/tcllib2.0/cache/pkgIndex.tcl 
Execute             source C:/Xilinx/2025.1/Vitis/tps/tcl/tcllib2.0/clay/pkgIndex.tcl 
Execute             source C:/Xilinx/2025.1/Vitis/tps/tcl/tcllib2.0/clock/pkgIndex.tcl 
Execute             source C:/Xilinx/2025.1/Vitis/tps/tcl/tcllib2.0/cmdline/pkgIndex.tcl 
Execute             source C:/Xilinx/2025.1/Vitis/tps/tcl/tcllib2.0/comm/pkgIndex.tcl 
Execute             source C:/Xilinx/2025.1/Vitis/tps/tcl/tcllib2.0/control/pkgIndex.tcl 
Execute             source C:/Xilinx/2025.1/Vitis/tps/tcl/tcllib2.0/coroutine/pkgIndex.tcl 
Execute             source C:/Xilinx/2025.1/Vitis/tps/tcl/tcllib2.0/counter/pkgIndex.tcl 
Execute             source C:/Xilinx/2025.1/Vitis/tps/tcl/tcllib2.0/crc/pkgIndex.tcl 
Execute             source C:/Xilinx/2025.1/Vitis/tps/tcl/tcllib2.0/cron/pkgIndex.tcl 
Execute             source C:/Xilinx/2025.1/Vitis/tps/tcl/tcllib2.0/csv/pkgIndex.tcl 
Execute             source C:/Xilinx/2025.1/Vitis/tps/tcl/tcllib2.0/debug/pkgIndex.tcl 
Execute             source C:/Xilinx/2025.1/Vitis/tps/tcl/tcllib2.0/defer/pkgIndex.tcl 
Execute             source C:/Xilinx/2025.1/Vitis/tps/tcl/tcllib2.0/dicttool/pkgIndex.tcl 
Execute             source C:/Xilinx/2025.1/Vitis/tps/tcl/tcllib2.0/dns/pkgIndex.tcl 
Execute             source C:/Xilinx/2025.1/Vitis/tps/tcl/tcllib2.0/docstrip/pkgIndex.tcl 
Execute             source C:/Xilinx/2025.1/Vitis/tps/tcl/tcllib2.0/doctools/pkgIndex.tcl 
Execute             source C:/Xilinx/2025.1/Vitis/tps/tcl/tcllib2.0/doctools2base/pkgIndex.tcl 
Execute             source C:/Xilinx/2025.1/Vitis/tps/tcl/tcllib2.0/doctools2idx/pkgIndex.tcl 
Execute             source C:/Xilinx/2025.1/Vitis/tps/tcl/tcllib2.0/doctools2toc/pkgIndex.tcl 
Execute             source C:/Xilinx/2025.1/Vitis/tps/tcl/tcllib2.0/dtplite/pkgIndex.tcl 
Execute             source C:/Xilinx/2025.1/Vitis/tps/tcl/tcllib2.0/fileutil/pkgIndex.tcl 
Execute             source C:/Xilinx/2025.1/Vitis/tps/tcl/tcllib2.0/ftp/pkgIndex.tcl 
Execute             source C:/Xilinx/2025.1/Vitis/tps/tcl/tcllib2.0/ftpd/pkgIndex.tcl 
Execute             source C:/Xilinx/2025.1/Vitis/tps/tcl/tcllib2.0/fumagic/pkgIndex.tcl 
Execute             source C:/Xilinx/2025.1/Vitis/tps/tcl/tcllib2.0/generator/pkgIndex.tcl 
Execute             source C:/Xilinx/2025.1/Vitis/tps/tcl/tcllib2.0/gpx/pkgIndex.tcl 
Execute             source C:/Xilinx/2025.1/Vitis/tps/tcl/tcllib2.0/grammar_aycock/pkgIndex.tcl 
Execute             source C:/Xilinx/2025.1/Vitis/tps/tcl/tcllib2.0/grammar_fa/pkgIndex.tcl 
Execute             source C:/Xilinx/2025.1/Vitis/tps/tcl/tcllib2.0/grammar_me/pkgIndex.tcl 
Execute             source C:/Xilinx/2025.1/Vitis/tps/tcl/tcllib2.0/grammar_peg/pkgIndex.tcl 
Execute             source C:/Xilinx/2025.1/Vitis/tps/tcl/tcllib2.0/hook/pkgIndex.tcl 
Execute             source C:/Xilinx/2025.1/Vitis/tps/tcl/tcllib2.0/html/pkgIndex.tcl 
Execute             source C:/Xilinx/2025.1/Vitis/tps/tcl/tcllib2.0/htmlparse/pkgIndex.tcl 
Execute             source C:/Xilinx/2025.1/Vitis/tps/tcl/tcllib2.0/http/pkgIndex.tcl 
Execute             source C:/Xilinx/2025.1/Vitis/tps/tcl/tcllib2.0/httpd/pkgIndex.tcl 
Execute             source C:/Xilinx/2025.1/Vitis/tps/tcl/tcllib2.0/httpwget/pkgIndex.tcl 
Execute             source C:/Xilinx/2025.1/Vitis/tps/tcl/tcllib2.0/ident/pkgIndex.tcl 
Execute             source C:/Xilinx/2025.1/Vitis/tps/tcl/tcllib2.0/imap4/pkgIndex.tcl 
Execute             source C:/Xilinx/2025.1/Vitis/tps/tcl/tcllib2.0/inifile/pkgIndex.tcl 
Execute             source C:/Xilinx/2025.1/Vitis/tps/tcl/tcllib2.0/interp/pkgIndex.tcl 
Execute             source C:/Xilinx/2025.1/Vitis/tps/tcl/tcllib2.0/irc/pkgIndex.tcl 
Execute             source C:/Xilinx/2025.1/Vitis/tps/tcl/tcllib2.0/javascript/pkgIndex.tcl 
Execute             source C:/Xilinx/2025.1/Vitis/tps/tcl/tcllib2.0/jpeg/pkgIndex.tcl 
Execute             source C:/Xilinx/2025.1/Vitis/tps/tcl/tcllib2.0/json/pkgIndex.tcl 
Execute             source C:/Xilinx/2025.1/Vitis/tps/tcl/tcllib2.0/lambda/pkgIndex.tcl 
Execute             source C:/Xilinx/2025.1/Vitis/tps/tcl/tcllib2.0/lazyset/pkgIndex.tcl 
Execute             source C:/Xilinx/2025.1/Vitis/tps/tcl/tcllib2.0/ldap/pkgIndex.tcl 
Execute             source C:/Xilinx/2025.1/Vitis/tps/tcl/tcllib2.0/log/pkgIndex.tcl 
Execute             source C:/Xilinx/2025.1/Vitis/tps/tcl/tcllib2.0/map/pkgIndex.tcl 
Execute             source C:/Xilinx/2025.1/Vitis/tps/tcl/tcllib2.0/mapproj/pkgIndex.tcl 
Execute             source C:/Xilinx/2025.1/Vitis/tps/tcl/tcllib2.0/markdown/pkgIndex.tcl 
Execute             source C:/Xilinx/2025.1/Vitis/tps/tcl/tcllib2.0/math/pkgIndex.tcl 
Execute             source C:/Xilinx/2025.1/Vitis/tps/tcl/tcllib2.0/md4/pkgIndex.tcl 
Execute             source C:/Xilinx/2025.1/Vitis/tps/tcl/tcllib2.0/md5/pkgIndex.tcl 
Execute             source C:/Xilinx/2025.1/Vitis/tps/tcl/tcllib2.0/md5crypt/pkgIndex.tcl 
Execute             source C:/Xilinx/2025.1/Vitis/tps/tcl/tcllib2.0/mime/pkgIndex.tcl 
Execute             source C:/Xilinx/2025.1/Vitis/tps/tcl/tcllib2.0/mkdoc/pkgIndex.tcl 
Execute             source C:/Xilinx/2025.1/Vitis/tps/tcl/tcllib2.0/multiplexer/pkgIndex.tcl 
Execute             source C:/Xilinx/2025.1/Vitis/tps/tcl/tcllib2.0/namespacex/pkgIndex.tcl 
Execute             source C:/Xilinx/2025.1/Vitis/tps/tcl/tcllib2.0/ncgi/pkgIndex.tcl 
Execute             source C:/Xilinx/2025.1/Vitis/tps/tcl/tcllib2.0/nettool/pkgIndex.tcl 
Execute             source C:/Xilinx/2025.1/Vitis/tps/tcl/tcllib2.0/nmea/pkgIndex.tcl 
Execute             source C:/Xilinx/2025.1/Vitis/tps/tcl/tcllib2.0/nns/pkgIndex.tcl 
Execute             source C:/Xilinx/2025.1/Vitis/tps/tcl/tcllib2.0/nntp/pkgIndex.tcl 
Execute             source C:/Xilinx/2025.1/Vitis/tps/tcl/tcllib2.0/ntp/pkgIndex.tcl 
Execute             source C:/Xilinx/2025.1/Vitis/tps/tcl/tcllib2.0/oauth/pkgIndex.tcl 
Execute             source C:/Xilinx/2025.1/Vitis/tps/tcl/tcllib2.0/oodialect/pkgIndex.tcl 
Execute             source C:/Xilinx/2025.1/Vitis/tps/tcl/tcllib2.0/oometa/pkgIndex.tcl 
Execute             source C:/Xilinx/2025.1/Vitis/tps/tcl/tcllib2.0/ooutil/pkgIndex.tcl 
Execute             source C:/Xilinx/2025.1/Vitis/tps/tcl/tcllib2.0/otp/pkgIndex.tcl 
Execute             source C:/Xilinx/2025.1/Vitis/tps/tcl/tcllib2.0/page/pkgIndex.tcl 
Execute             source C:/Xilinx/2025.1/Vitis/tps/tcl/tcllib2.0/pluginmgr/pkgIndex.tcl 
Execute             source C:/Xilinx/2025.1/Vitis/tps/tcl/tcllib2.0/png/pkgIndex.tcl 
Execute             source C:/Xilinx/2025.1/Vitis/tps/tcl/tcllib2.0/pop3/pkgIndex.tcl 
Execute             source C:/Xilinx/2025.1/Vitis/tps/tcl/tcllib2.0/pop3d/pkgIndex.tcl 
Execute             source C:/Xilinx/2025.1/Vitis/tps/tcl/tcllib2.0/practcl/pkgIndex.tcl 
Execute             source C:/Xilinx/2025.1/Vitis/tps/tcl/tcllib2.0/processman/pkgIndex.tcl 
Execute             source C:/Xilinx/2025.1/Vitis/tps/tcl/tcllib2.0/profiler/pkgIndex.tcl 
Execute             source C:/Xilinx/2025.1/Vitis/tps/tcl/tcllib2.0/pt/pkgIndex.tcl 
Execute             source C:/Xilinx/2025.1/Vitis/tps/tcl/tcllib2.0/rcs/pkgIndex.tcl 
Execute             source C:/Xilinx/2025.1/Vitis/tps/tcl/tcllib2.0/report/pkgIndex.tcl 
Execute             source C:/Xilinx/2025.1/Vitis/tps/tcl/tcllib2.0/rest/pkgIndex.tcl 
Execute             source C:/Xilinx/2025.1/Vitis/tps/tcl/tcllib2.0/ripemd/pkgIndex.tcl 
Execute             source C:/Xilinx/2025.1/Vitis/tps/tcl/tcllib2.0/sasl/pkgIndex.tcl 
Execute             source C:/Xilinx/2025.1/Vitis/tps/tcl/tcllib2.0/sha1/pkgIndex.tcl 
Execute             source C:/Xilinx/2025.1/Vitis/tps/tcl/tcllib2.0/simulation/pkgIndex.tcl 
Execute             source C:/Xilinx/2025.1/Vitis/tps/tcl/tcllib2.0/smtpd/pkgIndex.tcl 
Execute             source C:/Xilinx/2025.1/Vitis/tps/tcl/tcllib2.0/snit/pkgIndex.tcl 
Execute             source C:/Xilinx/2025.1/Vitis/tps/tcl/tcllib2.0/soundex/pkgIndex.tcl 
Execute             source C:/Xilinx/2025.1/Vitis/tps/tcl/tcllib2.0/stooop/pkgIndex.tcl 
Execute             source C:/Xilinx/2025.1/Vitis/tps/tcl/tcllib2.0/string/pkgIndex.tcl 
Execute             source C:/Xilinx/2025.1/Vitis/tps/tcl/tcllib2.0/stringprep/pkgIndex.tcl 
Execute             source C:/Xilinx/2025.1/Vitis/tps/tcl/tcllib2.0/struct/pkgIndex.tcl 
Execute             source C:/Xilinx/2025.1/Vitis/tps/tcl/tcllib2.0/tar/pkgIndex.tcl 
Execute             source C:/Xilinx/2025.1/Vitis/tps/tcl/tcllib2.0/tepam/pkgIndex.tcl 
Execute             source C:/Xilinx/2025.1/Vitis/tps/tcl/tcllib2.0/term/pkgIndex.tcl 
Execute             source C:/Xilinx/2025.1/Vitis/tps/tcl/tcllib2.0/textutil/pkgIndex.tcl 
Execute             source C:/Xilinx/2025.1/Vitis/tps/tcl/tcllib2.0/tie/pkgIndex.tcl 
Execute             source C:/Xilinx/2025.1/Vitis/tps/tcl/tcllib2.0/tiff/pkgIndex.tcl 
Execute             source C:/Xilinx/2025.1/Vitis/tps/tcl/tcllib2.0/tool/pkgIndex.tcl 
Execute             source C:/Xilinx/2025.1/Vitis/tps/tcl/tcllib2.0/transfer/pkgIndex.tcl 
Execute             source C:/Xilinx/2025.1/Vitis/tps/tcl/tcllib2.0/treeql/pkgIndex.tcl 
Execute             source C:/Xilinx/2025.1/Vitis/tps/tcl/tcllib2.0/try/pkgIndex.tcl 
Execute             source C:/Xilinx/2025.1/Vitis/tps/tcl/tcllib2.0/udpcluster/pkgIndex.tcl 
Execute             source C:/Xilinx/2025.1/Vitis/tps/tcl/tcllib2.0/uev/pkgIndex.tcl 
Execute             source C:/Xilinx/2025.1/Vitis/tps/tcl/tcllib2.0/units/pkgIndex.tcl 
Execute             source C:/Xilinx/2025.1/Vitis/tps/tcl/tcllib2.0/uri/pkgIndex.tcl 
Execute             source C:/Xilinx/2025.1/Vitis/tps/tcl/tcllib2.0/uuid/pkgIndex.tcl 
Execute             source C:/Xilinx/2025.1/Vitis/tps/tcl/tcllib2.0/valtype/pkgIndex.tcl 
Execute             source C:/Xilinx/2025.1/Vitis/tps/tcl/tcllib2.0/virtchannel_base/pkgIndex.tcl 
Execute             source C:/Xilinx/2025.1/Vitis/tps/tcl/tcllib2.0/virtchannel_core/pkgIndex.tcl 
Execute             source C:/Xilinx/2025.1/Vitis/tps/tcl/tcllib2.0/virtchannel_transform/pkgIndex.tcl 
Execute             source C:/Xilinx/2025.1/Vitis/tps/tcl/tcllib2.0/websocket/pkgIndex.tcl 
Execute             source C:/Xilinx/2025.1/Vitis/tps/tcl/tcllib2.0/wip/pkgIndex.tcl 
Execute             source C:/Xilinx/2025.1/Vitis/tps/tcl/tcllib2.0/yaml/pkgIndex.tcl 
Execute             source C:/Xilinx/2025.1/Vitis/tps/tcl/tcllib2.0/zip/pkgIndex.tcl 
Command           ap_source done; 0.172 sec.
Execute           source C:/Xilinx/2025.1/Vitis/tps/tcl/tdom/pkgIndex.tcl 
Execute           source C:/Xilinx/2025.1/Vitis/tps/tcl/tk8.6/pkgIndex.tcl 
Execute           source C:/Xilinx/2025.1/Vitis/tps/tcl/tcl8.6/opt0.4/pkgIndex.tcl 
Execute           source C:/Xilinx/2025.1/Vitis/tps/tcl/tcl8.6/pkgs/win/thread2.8.7/pkgIndex.tcl 
Command         ap_source done; 0.367 sec.
Execute         source C:/Xilinx/2025.1/Vitis/tps/tcl/tcllib2.0/0compatibility/pkgIndex.tcl 
Execute         source C:/Xilinx/2025.1/Vitis/tps/tcl/tcllib2.0/amazon-s3/pkgIndex.tcl 
Execute         source C:/Xilinx/2025.1/Vitis/tps/tcl/tcllib2.0/asn/pkgIndex.tcl 
Execute         source C:/Xilinx/2025.1/Vitis/tps/tcl/tcllib2.0/base32/pkgIndex.tcl 
Execute         source C:/Xilinx/2025.1/Vitis/tps/tcl/tcllib2.0/base64/pkgIndex.tcl 
Execute         source C:/Xilinx/2025.1/Vitis/tps/tcl/tcllib2.0/bee/pkgIndex.tcl 
Execute         source C:/Xilinx/2025.1/Vitis/tps/tcl/tcllib2.0/bench/pkgIndex.tcl 
Execute         source C:/Xilinx/2025.1/Vitis/tps/tcl/tcllib2.0/bibtex/pkgIndex.tcl 
Execute         source C:/Xilinx/2025.1/Vitis/tps/tcl/tcllib2.0/cache/pkgIndex.tcl 
Execute         source C:/Xilinx/2025.1/Vitis/tps/tcl/tcllib2.0/clay/pkgIndex.tcl 
Execute         source C:/Xilinx/2025.1/Vitis/tps/tcl/tcllib2.0/clock/pkgIndex.tcl 
Execute         source C:/Xilinx/2025.1/Vitis/tps/tcl/tcllib2.0/cmdline/pkgIndex.tcl 
Execute         source C:/Xilinx/2025.1/Vitis/tps/tcl/tcllib2.0/comm/pkgIndex.tcl 
Execute         source C:/Xilinx/2025.1/Vitis/tps/tcl/tcllib2.0/control/pkgIndex.tcl 
Execute         source C:/Xilinx/2025.1/Vitis/tps/tcl/tcllib2.0/coroutine/pkgIndex.tcl 
Execute         source C:/Xilinx/2025.1/Vitis/tps/tcl/tcllib2.0/counter/pkgIndex.tcl 
Execute         source C:/Xilinx/2025.1/Vitis/tps/tcl/tcllib2.0/crc/pkgIndex.tcl 
Execute         source C:/Xilinx/2025.1/Vitis/tps/tcl/tcllib2.0/cron/pkgIndex.tcl 
Execute         source C:/Xilinx/2025.1/Vitis/tps/tcl/tcllib2.0/csv/pkgIndex.tcl 
Execute         source C:/Xilinx/2025.1/Vitis/tps/tcl/tcllib2.0/debug/pkgIndex.tcl 
Execute         source C:/Xilinx/2025.1/Vitis/tps/tcl/tcllib2.0/defer/pkgIndex.tcl 
Execute         source C:/Xilinx/2025.1/Vitis/tps/tcl/tcllib2.0/dicttool/pkgIndex.tcl 
Execute         source C:/Xilinx/2025.1/Vitis/tps/tcl/tcllib2.0/dns/pkgIndex.tcl 
Execute         source C:/Xilinx/2025.1/Vitis/tps/tcl/tcllib2.0/docstrip/pkgIndex.tcl 
Execute         source C:/Xilinx/2025.1/Vitis/tps/tcl/tcllib2.0/doctools/pkgIndex.tcl 
Execute         source C:/Xilinx/2025.1/Vitis/tps/tcl/tcllib2.0/doctools2base/pkgIndex.tcl 
Execute         source C:/Xilinx/2025.1/Vitis/tps/tcl/tcllib2.0/doctools2idx/pkgIndex.tcl 
Execute         source C:/Xilinx/2025.1/Vitis/tps/tcl/tcllib2.0/doctools2toc/pkgIndex.tcl 
Execute         source C:/Xilinx/2025.1/Vitis/tps/tcl/tcllib2.0/dtplite/pkgIndex.tcl 
Execute         source C:/Xilinx/2025.1/Vitis/tps/tcl/tcllib2.0/fileutil/pkgIndex.tcl 
Execute         source C:/Xilinx/2025.1/Vitis/tps/tcl/tcllib2.0/ftp/pkgIndex.tcl 
Execute         source C:/Xilinx/2025.1/Vitis/tps/tcl/tcllib2.0/ftpd/pkgIndex.tcl 
Execute         source C:/Xilinx/2025.1/Vitis/tps/tcl/tcllib2.0/fumagic/pkgIndex.tcl 
Execute         source C:/Xilinx/2025.1/Vitis/tps/tcl/tcllib2.0/generator/pkgIndex.tcl 
Execute         source C:/Xilinx/2025.1/Vitis/tps/tcl/tcllib2.0/gpx/pkgIndex.tcl 
Execute         source C:/Xilinx/2025.1/Vitis/tps/tcl/tcllib2.0/grammar_aycock/pkgIndex.tcl 
Execute         source C:/Xilinx/2025.1/Vitis/tps/tcl/tcllib2.0/grammar_fa/pkgIndex.tcl 
Execute         source C:/Xilinx/2025.1/Vitis/tps/tcl/tcllib2.0/grammar_me/pkgIndex.tcl 
Execute         source C:/Xilinx/2025.1/Vitis/tps/tcl/tcllib2.0/grammar_peg/pkgIndex.tcl 
Execute         source C:/Xilinx/2025.1/Vitis/tps/tcl/tcllib2.0/hook/pkgIndex.tcl 
Execute         source C:/Xilinx/2025.1/Vitis/tps/tcl/tcllib2.0/html/pkgIndex.tcl 
Execute         source C:/Xilinx/2025.1/Vitis/tps/tcl/tcllib2.0/htmlparse/pkgIndex.tcl 
Execute         source C:/Xilinx/2025.1/Vitis/tps/tcl/tcllib2.0/http/pkgIndex.tcl 
Execute         source C:/Xilinx/2025.1/Vitis/tps/tcl/tcllib2.0/httpd/pkgIndex.tcl 
Execute         source C:/Xilinx/2025.1/Vitis/tps/tcl/tcllib2.0/httpwget/pkgIndex.tcl 
Execute         source C:/Xilinx/2025.1/Vitis/tps/tcl/tcllib2.0/ident/pkgIndex.tcl 
Execute         source C:/Xilinx/2025.1/Vitis/tps/tcl/tcllib2.0/imap4/pkgIndex.tcl 
Execute         source C:/Xilinx/2025.1/Vitis/tps/tcl/tcllib2.0/inifile/pkgIndex.tcl 
Execute         source C:/Xilinx/2025.1/Vitis/tps/tcl/tcllib2.0/interp/pkgIndex.tcl 
Execute         source C:/Xilinx/2025.1/Vitis/tps/tcl/tcllib2.0/irc/pkgIndex.tcl 
Execute         source C:/Xilinx/2025.1/Vitis/tps/tcl/tcllib2.0/javascript/pkgIndex.tcl 
Execute         source C:/Xilinx/2025.1/Vitis/tps/tcl/tcllib2.0/jpeg/pkgIndex.tcl 
Execute         source C:/Xilinx/2025.1/Vitis/tps/tcl/tcllib2.0/json/pkgIndex.tcl 
Execute         source C:/Xilinx/2025.1/Vitis/tps/tcl/tcllib2.0/lambda/pkgIndex.tcl 
Execute         source C:/Xilinx/2025.1/Vitis/tps/tcl/tcllib2.0/lazyset/pkgIndex.tcl 
Execute         source C:/Xilinx/2025.1/Vitis/tps/tcl/tcllib2.0/ldap/pkgIndex.tcl 
Execute         source C:/Xilinx/2025.1/Vitis/tps/tcl/tcllib2.0/log/pkgIndex.tcl 
Execute         source C:/Xilinx/2025.1/Vitis/tps/tcl/tcllib2.0/map/pkgIndex.tcl 
Execute         source C:/Xilinx/2025.1/Vitis/tps/tcl/tcllib2.0/mapproj/pkgIndex.tcl 
Execute         source C:/Xilinx/2025.1/Vitis/tps/tcl/tcllib2.0/markdown/pkgIndex.tcl 
Execute         source C:/Xilinx/2025.1/Vitis/tps/tcl/tcllib2.0/math/pkgIndex.tcl 
Execute         source C:/Xilinx/2025.1/Vitis/tps/tcl/tcllib2.0/md4/pkgIndex.tcl 
Execute         source C:/Xilinx/2025.1/Vitis/tps/tcl/tcllib2.0/md5/pkgIndex.tcl 
Execute         source C:/Xilinx/2025.1/Vitis/tps/tcl/tcllib2.0/md5crypt/pkgIndex.tcl 
Execute         source C:/Xilinx/2025.1/Vitis/tps/tcl/tcllib2.0/mime/pkgIndex.tcl 
Execute         source C:/Xilinx/2025.1/Vitis/tps/tcl/tcllib2.0/mkdoc/pkgIndex.tcl 
Execute         source C:/Xilinx/2025.1/Vitis/tps/tcl/tcllib2.0/multiplexer/pkgIndex.tcl 
Execute         source C:/Xilinx/2025.1/Vitis/tps/tcl/tcllib2.0/namespacex/pkgIndex.tcl 
Execute         source C:/Xilinx/2025.1/Vitis/tps/tcl/tcllib2.0/ncgi/pkgIndex.tcl 
Execute         source C:/Xilinx/2025.1/Vitis/tps/tcl/tcllib2.0/nettool/pkgIndex.tcl 
Execute         source C:/Xilinx/2025.1/Vitis/tps/tcl/tcllib2.0/nmea/pkgIndex.tcl 
Execute         source C:/Xilinx/2025.1/Vitis/tps/tcl/tcllib2.0/nns/pkgIndex.tcl 
Execute         source C:/Xilinx/2025.1/Vitis/tps/tcl/tcllib2.0/nntp/pkgIndex.tcl 
Execute         source C:/Xilinx/2025.1/Vitis/tps/tcl/tcllib2.0/ntp/pkgIndex.tcl 
Execute         source C:/Xilinx/2025.1/Vitis/tps/tcl/tcllib2.0/oauth/pkgIndex.tcl 
Execute         source C:/Xilinx/2025.1/Vitis/tps/tcl/tcllib2.0/oodialect/pkgIndex.tcl 
Execute         source C:/Xilinx/2025.1/Vitis/tps/tcl/tcllib2.0/oometa/pkgIndex.tcl 
Execute         source C:/Xilinx/2025.1/Vitis/tps/tcl/tcllib2.0/ooutil/pkgIndex.tcl 
Execute         source C:/Xilinx/2025.1/Vitis/tps/tcl/tcllib2.0/otp/pkgIndex.tcl 
Execute         source C:/Xilinx/2025.1/Vitis/tps/tcl/tcllib2.0/page/pkgIndex.tcl 
Execute         source C:/Xilinx/2025.1/Vitis/tps/tcl/tcllib2.0/pluginmgr/pkgIndex.tcl 
Execute         source C:/Xilinx/2025.1/Vitis/tps/tcl/tcllib2.0/png/pkgIndex.tcl 
Execute         source C:/Xilinx/2025.1/Vitis/tps/tcl/tcllib2.0/pop3/pkgIndex.tcl 
Execute         source C:/Xilinx/2025.1/Vitis/tps/tcl/tcllib2.0/pop3d/pkgIndex.tcl 
Execute         source C:/Xilinx/2025.1/Vitis/tps/tcl/tcllib2.0/practcl/pkgIndex.tcl 
Execute         source C:/Xilinx/2025.1/Vitis/tps/tcl/tcllib2.0/processman/pkgIndex.tcl 
Execute         source C:/Xilinx/2025.1/Vitis/tps/tcl/tcllib2.0/profiler/pkgIndex.tcl 
Execute         source C:/Xilinx/2025.1/Vitis/tps/tcl/tcllib2.0/pt/pkgIndex.tcl 
Execute         source C:/Xilinx/2025.1/Vitis/tps/tcl/tcllib2.0/rcs/pkgIndex.tcl 
Execute         source C:/Xilinx/2025.1/Vitis/tps/tcl/tcllib2.0/report/pkgIndex.tcl 
Execute         source C:/Xilinx/2025.1/Vitis/tps/tcl/tcllib2.0/rest/pkgIndex.tcl 
Execute         source C:/Xilinx/2025.1/Vitis/tps/tcl/tcllib2.0/ripemd/pkgIndex.tcl 
Execute         source C:/Xilinx/2025.1/Vitis/tps/tcl/tcllib2.0/sasl/pkgIndex.tcl 
Execute         source C:/Xilinx/2025.1/Vitis/tps/tcl/tcllib2.0/sha1/pkgIndex.tcl 
Execute         source C:/Xilinx/2025.1/Vitis/tps/tcl/tcllib2.0/simulation/pkgIndex.tcl 
Execute         source C:/Xilinx/2025.1/Vitis/tps/tcl/tcllib2.0/smtpd/pkgIndex.tcl 
Execute         source C:/Xilinx/2025.1/Vitis/tps/tcl/tcllib2.0/snit/pkgIndex.tcl 
Execute         source C:/Xilinx/2025.1/Vitis/tps/tcl/tcllib2.0/soundex/pkgIndex.tcl 
Execute         source C:/Xilinx/2025.1/Vitis/tps/tcl/tcllib2.0/stooop/pkgIndex.tcl 
Execute         source C:/Xilinx/2025.1/Vitis/tps/tcl/tcllib2.0/string/pkgIndex.tcl 
Execute         source C:/Xilinx/2025.1/Vitis/tps/tcl/tcllib2.0/stringprep/pkgIndex.tcl 
Execute         source C:/Xilinx/2025.1/Vitis/tps/tcl/tcllib2.0/struct/pkgIndex.tcl 
Execute         source C:/Xilinx/2025.1/Vitis/tps/tcl/tcllib2.0/tar/pkgIndex.tcl 
Execute         source C:/Xilinx/2025.1/Vitis/tps/tcl/tcllib2.0/tepam/pkgIndex.tcl 
Execute         source C:/Xilinx/2025.1/Vitis/tps/tcl/tcllib2.0/term/pkgIndex.tcl 
Execute         source C:/Xilinx/2025.1/Vitis/tps/tcl/tcllib2.0/textutil/pkgIndex.tcl 
Execute         source C:/Xilinx/2025.1/Vitis/tps/tcl/tcllib2.0/tie/pkgIndex.tcl 
Execute         source C:/Xilinx/2025.1/Vitis/tps/tcl/tcllib2.0/tiff/pkgIndex.tcl 
Execute         source C:/Xilinx/2025.1/Vitis/tps/tcl/tcllib2.0/tool/pkgIndex.tcl 
Execute         source C:/Xilinx/2025.1/Vitis/tps/tcl/tcllib2.0/transfer/pkgIndex.tcl 
Execute         source C:/Xilinx/2025.1/Vitis/tps/tcl/tcllib2.0/treeql/pkgIndex.tcl 
Execute         source C:/Xilinx/2025.1/Vitis/tps/tcl/tcllib2.0/try/pkgIndex.tcl 
Execute         source C:/Xilinx/2025.1/Vitis/tps/tcl/tcllib2.0/udpcluster/pkgIndex.tcl 
Execute         source C:/Xilinx/2025.1/Vitis/tps/tcl/tcllib2.0/uev/pkgIndex.tcl 
Execute         source C:/Xilinx/2025.1/Vitis/tps/tcl/tcllib2.0/units/pkgIndex.tcl 
Execute         source C:/Xilinx/2025.1/Vitis/tps/tcl/tcllib2.0/uri/pkgIndex.tcl 
Execute         source C:/Xilinx/2025.1/Vitis/tps/tcl/tcllib2.0/uuid/pkgIndex.tcl 
Execute         source C:/Xilinx/2025.1/Vitis/tps/tcl/tcllib2.0/valtype/pkgIndex.tcl 
Execute         source C:/Xilinx/2025.1/Vitis/tps/tcl/tcllib2.0/virtchannel_base/pkgIndex.tcl 
Execute         source C:/Xilinx/2025.1/Vitis/tps/tcl/tcllib2.0/virtchannel_core/pkgIndex.tcl 
Execute         source C:/Xilinx/2025.1/Vitis/tps/tcl/tcllib2.0/virtchannel_transform/pkgIndex.tcl 
Execute         source C:/Xilinx/2025.1/Vitis/tps/tcl/tcllib2.0/websocket/pkgIndex.tcl 
Execute         source C:/Xilinx/2025.1/Vitis/tps/tcl/tcllib2.0/wip/pkgIndex.tcl 
Execute         source C:/Xilinx/2025.1/Vitis/tps/tcl/tcllib2.0/yaml/pkgIndex.tcl 
Execute         source C:/Xilinx/2025.1/Vitis/tps/tcl/tcllib2.0/zip/pkgIndex.tcl 
Execute         source C:/Xilinx/2025.1/Vitis/tps/tcl/tcllib2.0/pkgIndex.tcl 
Execute           source C:/Xilinx/2025.1/Vitis/tps/tcl/tcllib2.0/0compatibility/pkgIndex.tcl 
Execute           source C:/Xilinx/2025.1/Vitis/tps/tcl/tcllib2.0/amazon-s3/pkgIndex.tcl 
Execute           source C:/Xilinx/2025.1/Vitis/tps/tcl/tcllib2.0/asn/pkgIndex.tcl 
Execute           source C:/Xilinx/2025.1/Vitis/tps/tcl/tcllib2.0/base32/pkgIndex.tcl 
Execute           source C:/Xilinx/2025.1/Vitis/tps/tcl/tcllib2.0/base64/pkgIndex.tcl 
Execute           source C:/Xilinx/2025.1/Vitis/tps/tcl/tcllib2.0/bee/pkgIndex.tcl 
Execute           source C:/Xilinx/2025.1/Vitis/tps/tcl/tcllib2.0/bench/pkgIndex.tcl 
Execute           source C:/Xilinx/2025.1/Vitis/tps/tcl/tcllib2.0/bibtex/pkgIndex.tcl 
Execute           source C:/Xilinx/2025.1/Vitis/tps/tcl/tcllib2.0/cache/pkgIndex.tcl 
Execute           source C:/Xilinx/2025.1/Vitis/tps/tcl/tcllib2.0/clay/pkgIndex.tcl 
Execute           source C:/Xilinx/2025.1/Vitis/tps/tcl/tcllib2.0/clock/pkgIndex.tcl 
Execute           source C:/Xilinx/2025.1/Vitis/tps/tcl/tcllib2.0/cmdline/pkgIndex.tcl 
Execute           source C:/Xilinx/2025.1/Vitis/tps/tcl/tcllib2.0/comm/pkgIndex.tcl 
Execute           source C:/Xilinx/2025.1/Vitis/tps/tcl/tcllib2.0/control/pkgIndex.tcl 
Execute           source C:/Xilinx/2025.1/Vitis/tps/tcl/tcllib2.0/coroutine/pkgIndex.tcl 
Execute           source C:/Xilinx/2025.1/Vitis/tps/tcl/tcllib2.0/counter/pkgIndex.tcl 
Execute           source C:/Xilinx/2025.1/Vitis/tps/tcl/tcllib2.0/crc/pkgIndex.tcl 
Execute           source C:/Xilinx/2025.1/Vitis/tps/tcl/tcllib2.0/cron/pkgIndex.tcl 
Execute           source C:/Xilinx/2025.1/Vitis/tps/tcl/tcllib2.0/csv/pkgIndex.tcl 
Execute           source C:/Xilinx/2025.1/Vitis/tps/tcl/tcllib2.0/debug/pkgIndex.tcl 
Execute           source C:/Xilinx/2025.1/Vitis/tps/tcl/tcllib2.0/defer/pkgIndex.tcl 
Execute           source C:/Xilinx/2025.1/Vitis/tps/tcl/tcllib2.0/dicttool/pkgIndex.tcl 
Execute           source C:/Xilinx/2025.1/Vitis/tps/tcl/tcllib2.0/dns/pkgIndex.tcl 
Execute           source C:/Xilinx/2025.1/Vitis/tps/tcl/tcllib2.0/docstrip/pkgIndex.tcl 
Execute           source C:/Xilinx/2025.1/Vitis/tps/tcl/tcllib2.0/doctools/pkgIndex.tcl 
Execute           source C:/Xilinx/2025.1/Vitis/tps/tcl/tcllib2.0/doctools2base/pkgIndex.tcl 
Execute           source C:/Xilinx/2025.1/Vitis/tps/tcl/tcllib2.0/doctools2idx/pkgIndex.tcl 
Execute           source C:/Xilinx/2025.1/Vitis/tps/tcl/tcllib2.0/doctools2toc/pkgIndex.tcl 
Execute           source C:/Xilinx/2025.1/Vitis/tps/tcl/tcllib2.0/dtplite/pkgIndex.tcl 
Execute           source C:/Xilinx/2025.1/Vitis/tps/tcl/tcllib2.0/fileutil/pkgIndex.tcl 
Execute           source C:/Xilinx/2025.1/Vitis/tps/tcl/tcllib2.0/ftp/pkgIndex.tcl 
Execute           source C:/Xilinx/2025.1/Vitis/tps/tcl/tcllib2.0/ftpd/pkgIndex.tcl 
Execute           source C:/Xilinx/2025.1/Vitis/tps/tcl/tcllib2.0/fumagic/pkgIndex.tcl 
Execute           source C:/Xilinx/2025.1/Vitis/tps/tcl/tcllib2.0/generator/pkgIndex.tcl 
Execute           source C:/Xilinx/2025.1/Vitis/tps/tcl/tcllib2.0/gpx/pkgIndex.tcl 
Execute           source C:/Xilinx/2025.1/Vitis/tps/tcl/tcllib2.0/grammar_aycock/pkgIndex.tcl 
Execute           source C:/Xilinx/2025.1/Vitis/tps/tcl/tcllib2.0/grammar_fa/pkgIndex.tcl 
Execute           source C:/Xilinx/2025.1/Vitis/tps/tcl/tcllib2.0/grammar_me/pkgIndex.tcl 
Execute           source C:/Xilinx/2025.1/Vitis/tps/tcl/tcllib2.0/grammar_peg/pkgIndex.tcl 
Execute           source C:/Xilinx/2025.1/Vitis/tps/tcl/tcllib2.0/hook/pkgIndex.tcl 
Execute           source C:/Xilinx/2025.1/Vitis/tps/tcl/tcllib2.0/html/pkgIndex.tcl 
Execute           source C:/Xilinx/2025.1/Vitis/tps/tcl/tcllib2.0/htmlparse/pkgIndex.tcl 
Execute           source C:/Xilinx/2025.1/Vitis/tps/tcl/tcllib2.0/http/pkgIndex.tcl 
Execute           source C:/Xilinx/2025.1/Vitis/tps/tcl/tcllib2.0/httpd/pkgIndex.tcl 
Execute           source C:/Xilinx/2025.1/Vitis/tps/tcl/tcllib2.0/httpwget/pkgIndex.tcl 
Execute           source C:/Xilinx/2025.1/Vitis/tps/tcl/tcllib2.0/ident/pkgIndex.tcl 
Execute           source C:/Xilinx/2025.1/Vitis/tps/tcl/tcllib2.0/imap4/pkgIndex.tcl 
Execute           source C:/Xilinx/2025.1/Vitis/tps/tcl/tcllib2.0/inifile/pkgIndex.tcl 
Execute           source C:/Xilinx/2025.1/Vitis/tps/tcl/tcllib2.0/interp/pkgIndex.tcl 
Execute           source C:/Xilinx/2025.1/Vitis/tps/tcl/tcllib2.0/irc/pkgIndex.tcl 
Execute           source C:/Xilinx/2025.1/Vitis/tps/tcl/tcllib2.0/javascript/pkgIndex.tcl 
Execute           source C:/Xilinx/2025.1/Vitis/tps/tcl/tcllib2.0/jpeg/pkgIndex.tcl 
Execute           source C:/Xilinx/2025.1/Vitis/tps/tcl/tcllib2.0/json/pkgIndex.tcl 
Execute           source C:/Xilinx/2025.1/Vitis/tps/tcl/tcllib2.0/lambda/pkgIndex.tcl 
Execute           source C:/Xilinx/2025.1/Vitis/tps/tcl/tcllib2.0/lazyset/pkgIndex.tcl 
Execute           source C:/Xilinx/2025.1/Vitis/tps/tcl/tcllib2.0/ldap/pkgIndex.tcl 
Execute           source C:/Xilinx/2025.1/Vitis/tps/tcl/tcllib2.0/log/pkgIndex.tcl 
Execute           source C:/Xilinx/2025.1/Vitis/tps/tcl/tcllib2.0/map/pkgIndex.tcl 
Execute           source C:/Xilinx/2025.1/Vitis/tps/tcl/tcllib2.0/mapproj/pkgIndex.tcl 
Execute           source C:/Xilinx/2025.1/Vitis/tps/tcl/tcllib2.0/markdown/pkgIndex.tcl 
Execute           source C:/Xilinx/2025.1/Vitis/tps/tcl/tcllib2.0/math/pkgIndex.tcl 
Execute           source C:/Xilinx/2025.1/Vitis/tps/tcl/tcllib2.0/md4/pkgIndex.tcl 
Execute           source C:/Xilinx/2025.1/Vitis/tps/tcl/tcllib2.0/md5/pkgIndex.tcl 
Execute           source C:/Xilinx/2025.1/Vitis/tps/tcl/tcllib2.0/md5crypt/pkgIndex.tcl 
Execute           source C:/Xilinx/2025.1/Vitis/tps/tcl/tcllib2.0/mime/pkgIndex.tcl 
Execute           source C:/Xilinx/2025.1/Vitis/tps/tcl/tcllib2.0/mkdoc/pkgIndex.tcl 
Execute           source C:/Xilinx/2025.1/Vitis/tps/tcl/tcllib2.0/multiplexer/pkgIndex.tcl 
Execute           source C:/Xilinx/2025.1/Vitis/tps/tcl/tcllib2.0/namespacex/pkgIndex.tcl 
Execute           source C:/Xilinx/2025.1/Vitis/tps/tcl/tcllib2.0/ncgi/pkgIndex.tcl 
Execute           source C:/Xilinx/2025.1/Vitis/tps/tcl/tcllib2.0/nettool/pkgIndex.tcl 
Execute           source C:/Xilinx/2025.1/Vitis/tps/tcl/tcllib2.0/nmea/pkgIndex.tcl 
Execute           source C:/Xilinx/2025.1/Vitis/tps/tcl/tcllib2.0/nns/pkgIndex.tcl 
Execute           source C:/Xilinx/2025.1/Vitis/tps/tcl/tcllib2.0/nntp/pkgIndex.tcl 
Execute           source C:/Xilinx/2025.1/Vitis/tps/tcl/tcllib2.0/ntp/pkgIndex.tcl 
Execute           source C:/Xilinx/2025.1/Vitis/tps/tcl/tcllib2.0/oauth/pkgIndex.tcl 
Execute           source C:/Xilinx/2025.1/Vitis/tps/tcl/tcllib2.0/oodialect/pkgIndex.tcl 
Execute           source C:/Xilinx/2025.1/Vitis/tps/tcl/tcllib2.0/oometa/pkgIndex.tcl 
Execute           source C:/Xilinx/2025.1/Vitis/tps/tcl/tcllib2.0/ooutil/pkgIndex.tcl 
Execute           source C:/Xilinx/2025.1/Vitis/tps/tcl/tcllib2.0/otp/pkgIndex.tcl 
Execute           source C:/Xilinx/2025.1/Vitis/tps/tcl/tcllib2.0/page/pkgIndex.tcl 
Execute           source C:/Xilinx/2025.1/Vitis/tps/tcl/tcllib2.0/pluginmgr/pkgIndex.tcl 
Execute           source C:/Xilinx/2025.1/Vitis/tps/tcl/tcllib2.0/png/pkgIndex.tcl 
Execute           source C:/Xilinx/2025.1/Vitis/tps/tcl/tcllib2.0/pop3/pkgIndex.tcl 
Execute           source C:/Xilinx/2025.1/Vitis/tps/tcl/tcllib2.0/pop3d/pkgIndex.tcl 
Execute           source C:/Xilinx/2025.1/Vitis/tps/tcl/tcllib2.0/practcl/pkgIndex.tcl 
Execute           source C:/Xilinx/2025.1/Vitis/tps/tcl/tcllib2.0/processman/pkgIndex.tcl 
Execute           source C:/Xilinx/2025.1/Vitis/tps/tcl/tcllib2.0/profiler/pkgIndex.tcl 
Execute           source C:/Xilinx/2025.1/Vitis/tps/tcl/tcllib2.0/pt/pkgIndex.tcl 
Execute           source C:/Xilinx/2025.1/Vitis/tps/tcl/tcllib2.0/rcs/pkgIndex.tcl 
Execute           source C:/Xilinx/2025.1/Vitis/tps/tcl/tcllib2.0/report/pkgIndex.tcl 
Execute           source C:/Xilinx/2025.1/Vitis/tps/tcl/tcllib2.0/rest/pkgIndex.tcl 
Execute           source C:/Xilinx/2025.1/Vitis/tps/tcl/tcllib2.0/ripemd/pkgIndex.tcl 
Execute           source C:/Xilinx/2025.1/Vitis/tps/tcl/tcllib2.0/sasl/pkgIndex.tcl 
Execute           source C:/Xilinx/2025.1/Vitis/tps/tcl/tcllib2.0/sha1/pkgIndex.tcl 
Execute           source C:/Xilinx/2025.1/Vitis/tps/tcl/tcllib2.0/simulation/pkgIndex.tcl 
Execute           source C:/Xilinx/2025.1/Vitis/tps/tcl/tcllib2.0/smtpd/pkgIndex.tcl 
Execute           source C:/Xilinx/2025.1/Vitis/tps/tcl/tcllib2.0/snit/pkgIndex.tcl 
Execute           source C:/Xilinx/2025.1/Vitis/tps/tcl/tcllib2.0/soundex/pkgIndex.tcl 
Execute           source C:/Xilinx/2025.1/Vitis/tps/tcl/tcllib2.0/stooop/pkgIndex.tcl 
Execute           source C:/Xilinx/2025.1/Vitis/tps/tcl/tcllib2.0/string/pkgIndex.tcl 
Execute           source C:/Xilinx/2025.1/Vitis/tps/tcl/tcllib2.0/stringprep/pkgIndex.tcl 
Execute           source C:/Xilinx/2025.1/Vitis/tps/tcl/tcllib2.0/struct/pkgIndex.tcl 
Execute           source C:/Xilinx/2025.1/Vitis/tps/tcl/tcllib2.0/tar/pkgIndex.tcl 
Execute           source C:/Xilinx/2025.1/Vitis/tps/tcl/tcllib2.0/tepam/pkgIndex.tcl 
Execute           source C:/Xilinx/2025.1/Vitis/tps/tcl/tcllib2.0/term/pkgIndex.tcl 
Execute           source C:/Xilinx/2025.1/Vitis/tps/tcl/tcllib2.0/textutil/pkgIndex.tcl 
Execute           source C:/Xilinx/2025.1/Vitis/tps/tcl/tcllib2.0/tie/pkgIndex.tcl 
Execute           source C:/Xilinx/2025.1/Vitis/tps/tcl/tcllib2.0/tiff/pkgIndex.tcl 
Execute           source C:/Xilinx/2025.1/Vitis/tps/tcl/tcllib2.0/tool/pkgIndex.tcl 
Execute           source C:/Xilinx/2025.1/Vitis/tps/tcl/tcllib2.0/transfer/pkgIndex.tcl 
Execute           source C:/Xilinx/2025.1/Vitis/tps/tcl/tcllib2.0/treeql/pkgIndex.tcl 
Execute           source C:/Xilinx/2025.1/Vitis/tps/tcl/tcllib2.0/try/pkgIndex.tcl 
Execute           source C:/Xilinx/2025.1/Vitis/tps/tcl/tcllib2.0/udpcluster/pkgIndex.tcl 
Execute           source C:/Xilinx/2025.1/Vitis/tps/tcl/tcllib2.0/uev/pkgIndex.tcl 
Execute           source C:/Xilinx/2025.1/Vitis/tps/tcl/tcllib2.0/units/pkgIndex.tcl 
Execute           source C:/Xilinx/2025.1/Vitis/tps/tcl/tcllib2.0/uri/pkgIndex.tcl 
Execute           source C:/Xilinx/2025.1/Vitis/tps/tcl/tcllib2.0/uuid/pkgIndex.tcl 
Execute           source C:/Xilinx/2025.1/Vitis/tps/tcl/tcllib2.0/valtype/pkgIndex.tcl 
Execute           source C:/Xilinx/2025.1/Vitis/tps/tcl/tcllib2.0/virtchannel_base/pkgIndex.tcl 
Execute           source C:/Xilinx/2025.1/Vitis/tps/tcl/tcllib2.0/virtchannel_core/pkgIndex.tcl 
Execute           source C:/Xilinx/2025.1/Vitis/tps/tcl/tcllib2.0/virtchannel_transform/pkgIndex.tcl 
Execute           source C:/Xilinx/2025.1/Vitis/tps/tcl/tcllib2.0/websocket/pkgIndex.tcl 
Execute           source C:/Xilinx/2025.1/Vitis/tps/tcl/tcllib2.0/wip/pkgIndex.tcl 
Execute           source C:/Xilinx/2025.1/Vitis/tps/tcl/tcllib2.0/yaml/pkgIndex.tcl 
Execute           source C:/Xilinx/2025.1/Vitis/tps/tcl/tcllib2.0/zip/pkgIndex.tcl 
Command         ap_source done; 0.159 sec.
Execute         source C:/Xilinx/2025.1/Vitis/tps/tcl/tdom/pkgIndex.tcl 
Execute         source C:/Xilinx/2025.1/Vitis/tps/tcl/tk8.6/pkgIndex.tcl 
Execute         source C:/Xilinx/2025.1/Vitis/tps/tcl/tcl8.6/opt0.4/pkgIndex.tcl 
Execute         source C:/Xilinx/2025.1/Vitis/tps/tcl/tcl8.6/pkgs/win/thread2.8.7/pkgIndex.tcl 
Command       ap_source done; 0.76 sec.
INFO-FLOW: Workspace C:/Users/seanr/vitis_projects/fpp_project/singleStep_baseline/equalStep_baseline/hls opened at Sat Mar 07 14:42:07 -0700 2026
Execute       send_msg_by_id INFO @200-1505@%s%s default  vivado 
INFO: [HLS 200-1505] Using default flow_target 'vivado'
Execute       send_msg_by_id INFO @200-2174@%s%s component C:/Users/seanr/vitis_projects/fpp_project/singleStep_baseline/hls_config.cfg 
INFO: [HLS 200-2174] Applying component config ini file C:/Users/seanr/vitis_projects/fpp_project/singleStep_baseline/hls_config.cfg
Execute       apply_ini C:/Users/seanr/vitis_projects/fpp_project/singleStep_baseline/hls_config.cfg 
Execute         send_msg_by_id INFO @200-1465@%s 'syn.file=../src/equalStep_baseline.cpp' from C:/Users/seanr/vitis_projects/fpp_project/singleStep_baseline/hls_config.cfg(8) 
INFO: [HLS 200-1465] Applying config ini 'syn.file=../src/equalStep_baseline.cpp' from C:/Users/seanr/vitis_projects/fpp_project/singleStep_baseline/hls_config.cfg(8)
Execute         add_files C:/Users/seanr/vitis_projects/fpp_project/src/equalStep_baseline.cpp 
INFO: [HLS 200-10] Adding design file 'C:/Users/seanr/vitis_projects/fpp_project/src/equalStep_baseline.cpp' to the project
Execute         send_msg_by_id INFO @200-1465@%s 'syn.file=../include/equalStep_baseline.h' from C:/Users/seanr/vitis_projects/fpp_project/singleStep_baseline/hls_config.cfg(9) 
INFO: [HLS 200-1465] Applying config ini 'syn.file=../include/equalStep_baseline.h' from C:/Users/seanr/vitis_projects/fpp_project/singleStep_baseline/hls_config.cfg(9)
Execute         add_files C:/Users/seanr/vitis_projects/fpp_project/include/equalStep_baseline.h 
INFO: [HLS 200-10] Adding design file 'C:/Users/seanr/vitis_projects/fpp_project/include/equalStep_baseline.h' to the project
Execute         send_msg_by_id INFO @200-1465@%s 'syn.file=../include/stb_image.h' from C:/Users/seanr/vitis_projects/fpp_project/singleStep_baseline/hls_config.cfg(10) 
INFO: [HLS 200-1465] Applying config ini 'syn.file=../include/stb_image.h' from C:/Users/seanr/vitis_projects/fpp_project/singleStep_baseline/hls_config.cfg(10)
Execute         add_files C:/Users/seanr/vitis_projects/fpp_project/include/stb_image.h 
INFO: [HLS 200-10] Adding design file 'C:/Users/seanr/vitis_projects/fpp_project/include/stb_image.h' to the project
Execute         send_msg_by_id INFO @200-1465@%s 'tb.file=../test/tb_equalStep.cpp' from C:/Users/seanr/vitis_projects/fpp_project/singleStep_baseline/hls_config.cfg(11) 
INFO: [HLS 200-1465] Applying config ini 'tb.file=../test/tb_equalStep.cpp' from C:/Users/seanr/vitis_projects/fpp_project/singleStep_baseline/hls_config.cfg(11)
Execute         add_files -tb C:/Users/seanr/vitis_projects/fpp_project/test/tb_equalStep.cpp 
INFO: [HLS 200-10] Adding test bench file 'C:/Users/seanr/vitis_projects/fpp_project/test/tb_equalStep.cpp' to the project
Execute         send_msg_by_id INFO @200-1465@%s 'tb.file=../TestData' from C:/Users/seanr/vitis_projects/fpp_project/singleStep_baseline/hls_config.cfg(12) 
INFO: [HLS 200-1465] Applying config ini 'tb.file=../TestData' from C:/Users/seanr/vitis_projects/fpp_project/singleStep_baseline/hls_config.cfg(12)
Execute         add_files -tb C:/Users/seanr/vitis_projects/fpp_project/TestData 
INFO: [HLS 200-10] Adding test bench file 'C:/Users/seanr/vitis_projects/fpp_project/TestData' to the project
Execute         send_msg_by_id INFO @200-1465@%s 'syn.top=equalStep_baseline' from C:/Users/seanr/vitis_projects/fpp_project/singleStep_baseline/hls_config.cfg(7) 
INFO: [HLS 200-1465] Applying config ini 'syn.top=equalStep_baseline' from C:/Users/seanr/vitis_projects/fpp_project/singleStep_baseline/hls_config.cfg(7)
Execute         set_top equalStep_baseline 
Execute         send_msg_by_id INFO @200-1465@%s 'flow_target=vivado' from C:/Users/seanr/vitis_projects/fpp_project/singleStep_baseline/hls_config.cfg(4) 
INFO: [HLS 200-1465] Applying config ini 'flow_target=vivado' from C:/Users/seanr/vitis_projects/fpp_project/singleStep_baseline/hls_config.cfg(4)
Execute         send_msg_by_id INFO @200-1505@%s%s  vivado 
INFO: [HLS 200-1505] Using flow_target 'vivado'
Execute         send_msg_by_id INFO @200-1465@%s 'part=xc7z020clg400-1' from C:/Users/seanr/vitis_projects/fpp_project/singleStep_baseline/hls_config.cfg(1) 
INFO: [HLS 200-1465] Applying config ini 'part=xc7z020clg400-1' from C:/Users/seanr/vitis_projects/fpp_project/singleStep_baseline/hls_config.cfg(1)
Execute         set_part xc7z020clg400-1 
Execute           create_platform xc7z020clg400-1 -board  
DBG:HLSDevice: Trying to load device library: C:/Xilinx/2025.1/Vitis\lib\win64.o\xv_hlsvwrap.dll
DBG:HLSDevice: first parts/arch.xml in RDI_DATADIR: C:/Xilinx/2025.1/Vivado/data/parts/arch.xml
DBG:HLSDevice: init success
INFO: [HLS 200-1611] Setting target device to 'xc7z020-clg400-1'
Command           create_platform done; 1.455 sec.
Execute           source C:/Xilinx/2025.1/Vitis/common/technology/xilinx/common/xilinx.gen 
Execute             source C:/Xilinx/2025.1/Vitis/common/technology/xilinx/interface/plb46.gen 
Execute             source C:/Xilinx/2025.1/Vitis/common/technology/xilinx/interface/axi4.gen 
Execute             source C:/Xilinx/2025.1/Vitis/common/technology/xilinx/interface/nativeAXI4.gen 
Execute               source C:/Xilinx/2025.1/Vitis/common/technology/xilinx/interface/saxilite.gen 
Execute             source C:/Xilinx/2025.1/Vitis/common/technology/xilinx/scripts/xilinxcoregen.gen 
Execute             source C:/Xilinx/2025.1/Vitis/common/technology/xilinx/interface/XilEDKCoreGen.gen 
Execute             source C:/Xilinx/2025.1/Vitis/common/technology/xilinx/ip/dds_compiler.gen 
Execute             source C:/Xilinx/2025.1/Vitis/common/technology/xilinx/ip/util.gen 
Execute             source C:/Xilinx/2025.1/Vitis/common/technology/xilinx/ip/xfft.gen 
Execute             source C:/Xilinx/2025.1/Vitis/common/technology/xilinx/ip/xfir.gen 
Execute             source C:/Xilinx/2025.1/Vitis/common/technology/xilinx/DSP48/dsp48.gen 
Command           ap_source done; 0.109 sec.
Execute           ap_part_info -name xc7z020-clg400-1 -data info 
Execute           config_compile -quiet -complex-mul-dsp=0 
Command         set_part done; 1.605 sec.
Execute         send_msg_by_id INFO @200-1465@%s 'package.output.format=ip_catalog' from C:/Users/seanr/vitis_projects/fpp_project/singleStep_baseline/hls_config.cfg(5) 
INFO: [HLS 200-1465] Applying config ini 'package.output.format=ip_catalog' from C:/Users/seanr/vitis_projects/fpp_project/singleStep_baseline/hls_config.cfg(5)
Execute         config_export -format=ip_catalog 
Command       apply_ini done; 1.669 sec.
Execute       write_component -config C:/Users/seanr/vitis_projects/fpp_project/singleStep_baseline/hls_config.cfg 
Execute         send_msg_by_id INFO @200-2176@%s C:/Users/seanr/vitis_projects/fpp_project/singleStep_baseline/equalStep_baseline/vitis-comp.json 
INFO: [HLS 200-2176] Writing Vitis IDE component file C:/Users/seanr/vitis_projects/fpp_project/singleStep_baseline/equalStep_baseline/vitis-comp.json
Command     open_solution done; 2.483 sec.
Command   open_component done; 2.489 sec.
Execute   apply_ini C:/Users/seanr/vitis_projects/fpp_project/singleStep_baseline/equalStep_baseline/hls/config.cmdline -iscmdline 
Execute   ::AP::init_summary_file csim 
Execute     AP::app_get_file_relativeroot [AP::app_get_root] {}
Execute   csim_design 
INFO-FLOW: Running SLX 'csim' proc: ::SLX::run_csim
INFO: [SIM 211-2] *************** CSIM start ***************
INFO: [SIM 211-4] CSIM will launch CLANG as the compiler.
Execute     send_msg_by_id INFO @200-2036@%s debug 
INFO: [HLS 200-2036] Building debug C Simulation binaries
Execute     ap_part_info -name xc7z020-clg400-1 -data info 
INFO-FLOW: AESL_CSIM::c_sim errorInfo:

    while executing
"::AESL_CSIM::c_sim "$argn" "
ERROR: [SIM 211-100] 'csim_design' failed: compilation error(s).
INFO: [SIM 211-3] *************** CSIM finish ***************
INFO-FLOW: AESL_CSIM::csim_cmd_wrap errorInfo:
4
    while executing
"::AESL_CSIM::csim_cmd_wrap $args"
INFO-FLOW: Caught error in csim_design: 4
    while executing
"ap_internal_csim_design "
Command   csim_design done; error code: 2; 3.817 sec.
Execute   close_project 
Execute     close_solution 
Execute       cleanup_all 
Execute       cleanup_all 
Execute       source -notrace -encoding utf-8 C:/Xilinx/2025.1/Vitis/tps/tcl/tcl8.6/clock.tcl 
Execute         source -encoding utf-8 C:/Xilinx/2025.1/Vitis/tps/tcl/tcl8/8.5/msgcat-1.6.1.tm 
Execute           source C:/Xilinx/2025.1/Vitis/tps/tcl/tcllib2.0/0compatibility/pkgIndex.tcl 
Execute           source C:/Xilinx/2025.1/Vitis/tps/tcl/tcllib2.0/amazon-s3/pkgIndex.tcl 
Execute           source C:/Xilinx/2025.1/Vitis/tps/tcl/tcllib2.0/asn/pkgIndex.tcl 
Execute           source C:/Xilinx/2025.1/Vitis/tps/tcl/tcllib2.0/base32/pkgIndex.tcl 
Execute           source C:/Xilinx/2025.1/Vitis/tps/tcl/tcllib2.0/base64/pkgIndex.tcl 
Execute           source C:/Xilinx/2025.1/Vitis/tps/tcl/tcllib2.0/bee/pkgIndex.tcl 
Execute           source C:/Xilinx/2025.1/Vitis/tps/tcl/tcllib2.0/bench/pkgIndex.tcl 
Execute           source C:/Xilinx/2025.1/Vitis/tps/tcl/tcllib2.0/bibtex/pkgIndex.tcl 
Execute           source C:/Xilinx/2025.1/Vitis/tps/tcl/tcllib2.0/cache/pkgIndex.tcl 
Execute           source C:/Xilinx/2025.1/Vitis/tps/tcl/tcllib2.0/clay/pkgIndex.tcl 
Execute           source C:/Xilinx/2025.1/Vitis/tps/tcl/tcllib2.0/clock/pkgIndex.tcl 
Execute           source C:/Xilinx/2025.1/Vitis/tps/tcl/tcllib2.0/cmdline/pkgIndex.tcl 
Execute           source C:/Xilinx/2025.1/Vitis/tps/tcl/tcllib2.0/comm/pkgIndex.tcl 
Execute           source C:/Xilinx/2025.1/Vitis/tps/tcl/tcllib2.0/control/pkgIndex.tcl 
Execute           source C:/Xilinx/2025.1/Vitis/tps/tcl/tcllib2.0/coroutine/pkgIndex.tcl 
Execute           source C:/Xilinx/2025.1/Vitis/tps/tcl/tcllib2.0/counter/pkgIndex.tcl 
Execute           source C:/Xilinx/2025.1/Vitis/tps/tcl/tcllib2.0/crc/pkgIndex.tcl 
Execute           source C:/Xilinx/2025.1/Vitis/tps/tcl/tcllib2.0/cron/pkgIndex.tcl 
Execute           source C:/Xilinx/2025.1/Vitis/tps/tcl/tcllib2.0/csv/pkgIndex.tcl 
Execute           source C:/Xilinx/2025.1/Vitis/tps/tcl/tcllib2.0/debug/pkgIndex.tcl 
Execute           source C:/Xilinx/2025.1/Vitis/tps/tcl/tcllib2.0/defer/pkgIndex.tcl 
Execute           source C:/Xilinx/2025.1/Vitis/tps/tcl/tcllib2.0/dicttool/pkgIndex.tcl 
Execute           source C:/Xilinx/2025.1/Vitis/tps/tcl/tcllib2.0/dns/pkgIndex.tcl 
Execute           source C:/Xilinx/2025.1/Vitis/tps/tcl/tcllib2.0/docstrip/pkgIndex.tcl 
Execute           source C:/Xilinx/2025.1/Vitis/tps/tcl/tcllib2.0/doctools/pkgIndex.tcl 
Execute           source C:/Xilinx/2025.1/Vitis/tps/tcl/tcllib2.0/doctools2base/pkgIndex.tcl 
Execute           source C:/Xilinx/2025.1/Vitis/tps/tcl/tcllib2.0/doctools2idx/pkgIndex.tcl 
Execute           source C:/Xilinx/2025.1/Vitis/tps/tcl/tcllib2.0/doctools2toc/pkgIndex.tcl 
Execute           source C:/Xilinx/2025.1/Vitis/tps/tcl/tcllib2.0/dtplite/pkgIndex.tcl 
Execute           source C:/Xilinx/2025.1/Vitis/tps/tcl/tcllib2.0/fileutil/pkgIndex.tcl 
Execute           source C:/Xilinx/2025.1/Vitis/tps/tcl/tcllib2.0/ftp/pkgIndex.tcl 
Execute           source C:/Xilinx/2025.1/Vitis/tps/tcl/tcllib2.0/ftpd/pkgIndex.tcl 
Execute           source C:/Xilinx/2025.1/Vitis/tps/tcl/tcllib2.0/fumagic/pkgIndex.tcl 
Execute           source C:/Xilinx/2025.1/Vitis/tps/tcl/tcllib2.0/generator/pkgIndex.tcl 
Execute           source C:/Xilinx/2025.1/Vitis/tps/tcl/tcllib2.0/gpx/pkgIndex.tcl 
Execute           source C:/Xilinx/2025.1/Vitis/tps/tcl/tcllib2.0/grammar_aycock/pkgIndex.tcl 
Execute           source C:/Xilinx/2025.1/Vitis/tps/tcl/tcllib2.0/grammar_fa/pkgIndex.tcl 
Execute           source C:/Xilinx/2025.1/Vitis/tps/tcl/tcllib2.0/grammar_me/pkgIndex.tcl 
Execute           source C:/Xilinx/2025.1/Vitis/tps/tcl/tcllib2.0/grammar_peg/pkgIndex.tcl 
Execute           source C:/Xilinx/2025.1/Vitis/tps/tcl/tcllib2.0/hook/pkgIndex.tcl 
Execute           source C:/Xilinx/2025.1/Vitis/tps/tcl/tcllib2.0/html/pkgIndex.tcl 
Execute           source C:/Xilinx/2025.1/Vitis/tps/tcl/tcllib2.0/htmlparse/pkgIndex.tcl 
Execute           source C:/Xilinx/2025.1/Vitis/tps/tcl/tcllib2.0/http/pkgIndex.tcl 
Execute           source C:/Xilinx/2025.1/Vitis/tps/tcl/tcllib2.0/httpd/pkgIndex.tcl 
Execute           source C:/Xilinx/2025.1/Vitis/tps/tcl/tcllib2.0/httpwget/pkgIndex.tcl 
Execute           source C:/Xilinx/2025.1/Vitis/tps/tcl/tcllib2.0/ident/pkgIndex.tcl 
Execute           source C:/Xilinx/2025.1/Vitis/tps/tcl/tcllib2.0/imap4/pkgIndex.tcl 
Execute           source C:/Xilinx/2025.1/Vitis/tps/tcl/tcllib2.0/inifile/pkgIndex.tcl 
Execute           source C:/Xilinx/2025.1/Vitis/tps/tcl/tcllib2.0/interp/pkgIndex.tcl 
Execute           source C:/Xilinx/2025.1/Vitis/tps/tcl/tcllib2.0/irc/pkgIndex.tcl 
Execute           source C:/Xilinx/2025.1/Vitis/tps/tcl/tcllib2.0/javascript/pkgIndex.tcl 
Execute           source C:/Xilinx/2025.1/Vitis/tps/tcl/tcllib2.0/jpeg/pkgIndex.tcl 
Execute           source C:/Xilinx/2025.1/Vitis/tps/tcl/tcllib2.0/json/pkgIndex.tcl 
Execute           source C:/Xilinx/2025.1/Vitis/tps/tcl/tcllib2.0/lambda/pkgIndex.tcl 
Execute           source C:/Xilinx/2025.1/Vitis/tps/tcl/tcllib2.0/lazyset/pkgIndex.tcl 
Execute           source C:/Xilinx/2025.1/Vitis/tps/tcl/tcllib2.0/ldap/pkgIndex.tcl 
Execute           source C:/Xilinx/2025.1/Vitis/tps/tcl/tcllib2.0/log/pkgIndex.tcl 
Execute           source C:/Xilinx/2025.1/Vitis/tps/tcl/tcllib2.0/map/pkgIndex.tcl 
Execute           source C:/Xilinx/2025.1/Vitis/tps/tcl/tcllib2.0/mapproj/pkgIndex.tcl 
Execute           source C:/Xilinx/2025.1/Vitis/tps/tcl/tcllib2.0/markdown/pkgIndex.tcl 
Execute           source C:/Xilinx/2025.1/Vitis/tps/tcl/tcllib2.0/math/pkgIndex.tcl 
Execute           source C:/Xilinx/2025.1/Vitis/tps/tcl/tcllib2.0/md4/pkgIndex.tcl 
Execute           source C:/Xilinx/2025.1/Vitis/tps/tcl/tcllib2.0/md5/pkgIndex.tcl 
Execute           source C:/Xilinx/2025.1/Vitis/tps/tcl/tcllib2.0/md5crypt/pkgIndex.tcl 
Execute           source C:/Xilinx/2025.1/Vitis/tps/tcl/tcllib2.0/mime/pkgIndex.tcl 
Execute           source C:/Xilinx/2025.1/Vitis/tps/tcl/tcllib2.0/mkdoc/pkgIndex.tcl 
Execute           source C:/Xilinx/2025.1/Vitis/tps/tcl/tcllib2.0/multiplexer/pkgIndex.tcl 
Execute           source C:/Xilinx/2025.1/Vitis/tps/tcl/tcllib2.0/namespacex/pkgIndex.tcl 
Execute           source C:/Xilinx/2025.1/Vitis/tps/tcl/tcllib2.0/ncgi/pkgIndex.tcl 
Execute           source C:/Xilinx/2025.1/Vitis/tps/tcl/tcllib2.0/nettool/pkgIndex.tcl 
Execute           source C:/Xilinx/2025.1/Vitis/tps/tcl/tcllib2.0/nmea/pkgIndex.tcl 
Execute           source C:/Xilinx/2025.1/Vitis/tps/tcl/tcllib2.0/nns/pkgIndex.tcl 
Execute           source C:/Xilinx/2025.1/Vitis/tps/tcl/tcllib2.0/nntp/pkgIndex.tcl 
Execute           source C:/Xilinx/2025.1/Vitis/tps/tcl/tcllib2.0/ntp/pkgIndex.tcl 
Execute           source C:/Xilinx/2025.1/Vitis/tps/tcl/tcllib2.0/oauth/pkgIndex.tcl 
Execute           source C:/Xilinx/2025.1/Vitis/tps/tcl/tcllib2.0/oodialect/pkgIndex.tcl 
Execute           source C:/Xilinx/2025.1/Vitis/tps/tcl/tcllib2.0/oometa/pkgIndex.tcl 
Execute           source C:/Xilinx/2025.1/Vitis/tps/tcl/tcllib2.0/ooutil/pkgIndex.tcl 
Execute           source C:/Xilinx/2025.1/Vitis/tps/tcl/tcllib2.0/otp/pkgIndex.tcl 
Execute           source C:/Xilinx/2025.1/Vitis/tps/tcl/tcllib2.0/page/pkgIndex.tcl 
Execute           source C:/Xilinx/2025.1/Vitis/tps/tcl/tcllib2.0/pluginmgr/pkgIndex.tcl 
Execute           source C:/Xilinx/2025.1/Vitis/tps/tcl/tcllib2.0/png/pkgIndex.tcl 
Execute           source C:/Xilinx/2025.1/Vitis/tps/tcl/tcllib2.0/pop3/pkgIndex.tcl 
Execute           source C:/Xilinx/2025.1/Vitis/tps/tcl/tcllib2.0/pop3d/pkgIndex.tcl 
Execute           source C:/Xilinx/2025.1/Vitis/tps/tcl/tcllib2.0/practcl/pkgIndex.tcl 
Execute           source C:/Xilinx/2025.1/Vitis/tps/tcl/tcllib2.0/processman/pkgIndex.tcl 
Execute           source C:/Xilinx/2025.1/Vitis/tps/tcl/tcllib2.0/profiler/pkgIndex.tcl 
Execute           source C:/Xilinx/2025.1/Vitis/tps/tcl/tcllib2.0/pt/pkgIndex.tcl 
Execute           source C:/Xilinx/2025.1/Vitis/tps/tcl/tcllib2.0/rcs/pkgIndex.tcl 
Execute           source C:/Xilinx/2025.1/Vitis/tps/tcl/tcllib2.0/report/pkgIndex.tcl 
Execute           source C:/Xilinx/2025.1/Vitis/tps/tcl/tcllib2.0/rest/pkgIndex.tcl 
Execute           source C:/Xilinx/2025.1/Vitis/tps/tcl/tcllib2.0/ripemd/pkgIndex.tcl 
Execute           source C:/Xilinx/2025.1/Vitis/tps/tcl/tcllib2.0/sasl/pkgIndex.tcl 
Execute           source C:/Xilinx/2025.1/Vitis/tps/tcl/tcllib2.0/sha1/pkgIndex.tcl 
Execute           source C:/Xilinx/2025.1/Vitis/tps/tcl/tcllib2.0/simulation/pkgIndex.tcl 
Execute           source C:/Xilinx/2025.1/Vitis/tps/tcl/tcllib2.0/smtpd/pkgIndex.tcl 
Execute           source C:/Xilinx/2025.1/Vitis/tps/tcl/tcllib2.0/snit/pkgIndex.tcl 
Execute           source C:/Xilinx/2025.1/Vitis/tps/tcl/tcllib2.0/soundex/pkgIndex.tcl 
Execute           source C:/Xilinx/2025.1/Vitis/tps/tcl/tcllib2.0/stooop/pkgIndex.tcl 
Execute           source C:/Xilinx/2025.1/Vitis/tps/tcl/tcllib2.0/string/pkgIndex.tcl 
Execute           source C:/Xilinx/2025.1/Vitis/tps/tcl/tcllib2.0/stringprep/pkgIndex.tcl 
Execute           source C:/Xilinx/2025.1/Vitis/tps/tcl/tcllib2.0/struct/pkgIndex.tcl 
Execute           source C:/Xilinx/2025.1/Vitis/tps/tcl/tcllib2.0/tar/pkgIndex.tcl 
Execute           source C:/Xilinx/2025.1/Vitis/tps/tcl/tcllib2.0/tepam/pkgIndex.tcl 
Execute           source C:/Xilinx/2025.1/Vitis/tps/tcl/tcllib2.0/term/pkgIndex.tcl 
Execute           source C:/Xilinx/2025.1/Vitis/tps/tcl/tcllib2.0/textutil/pkgIndex.tcl 
Execute           source C:/Xilinx/2025.1/Vitis/tps/tcl/tcllib2.0/tie/pkgIndex.tcl 
Execute           source C:/Xilinx/2025.1/Vitis/tps/tcl/tcllib2.0/tiff/pkgIndex.tcl 
Execute           source C:/Xilinx/2025.1/Vitis/tps/tcl/tcllib2.0/tool/pkgIndex.tcl 
Execute           source C:/Xilinx/2025.1/Vitis/tps/tcl/tcllib2.0/transfer/pkgIndex.tcl 
Execute           source C:/Xilinx/2025.1/Vitis/tps/tcl/tcllib2.0/treeql/pkgIndex.tcl 
Execute           source C:/Xilinx/2025.1/Vitis/tps/tcl/tcllib2.0/try/pkgIndex.tcl 
Execute           source C:/Xilinx/2025.1/Vitis/tps/tcl/tcllib2.0/udpcluster/pkgIndex.tcl 
Execute           source C:/Xilinx/2025.1/Vitis/tps/tcl/tcllib2.0/uev/pkgIndex.tcl 
Execute           source C:/Xilinx/2025.1/Vitis/tps/tcl/tcllib2.0/units/pkgIndex.tcl 
Execute           source C:/Xilinx/2025.1/Vitis/tps/tcl/tcllib2.0/uri/pkgIndex.tcl 
Execute           source C:/Xilinx/2025.1/Vitis/tps/tcl/tcllib2.0/uuid/pkgIndex.tcl 
Execute           source C:/Xilinx/2025.1/Vitis/tps/tcl/tcllib2.0/valtype/pkgIndex.tcl 
Execute           source C:/Xilinx/2025.1/Vitis/tps/tcl/tcllib2.0/virtchannel_base/pkgIndex.tcl 
Execute           source C:/Xilinx/2025.1/Vitis/tps/tcl/tcllib2.0/virtchannel_core/pkgIndex.tcl 
Execute           source C:/Xilinx/2025.1/Vitis/tps/tcl/tcllib2.0/virtchannel_transform/pkgIndex.tcl 
Execute           source C:/Xilinx/2025.1/Vitis/tps/tcl/tcllib2.0/websocket/pkgIndex.tcl 
Execute           source C:/Xilinx/2025.1/Vitis/tps/tcl/tcllib2.0/wip/pkgIndex.tcl 
Execute           source C:/Xilinx/2025.1/Vitis/tps/tcl/tcllib2.0/yaml/pkgIndex.tcl 
Execute           source C:/Xilinx/2025.1/Vitis/tps/tcl/tcllib2.0/zip/pkgIndex.tcl 
Execute           source C:/Xilinx/2025.1/Vitis/tps/tcl/tcllib2.0/pkgIndex.tcl 
Execute             source C:/Xilinx/2025.1/Vitis/tps/tcl/tcllib2.0/0compatibility/pkgIndex.tcl 
Execute             source C:/Xilinx/2025.1/Vitis/tps/tcl/tcllib2.0/amazon-s3/pkgIndex.tcl 
Execute             source C:/Xilinx/2025.1/Vitis/tps/tcl/tcllib2.0/asn/pkgIndex.tcl 
Execute             source C:/Xilinx/2025.1/Vitis/tps/tcl/tcllib2.0/base32/pkgIndex.tcl 
Execute             source C:/Xilinx/2025.1/Vitis/tps/tcl/tcllib2.0/base64/pkgIndex.tcl 
Execute             source C:/Xilinx/2025.1/Vitis/tps/tcl/tcllib2.0/bee/pkgIndex.tcl 
Execute             source C:/Xilinx/2025.1/Vitis/tps/tcl/tcllib2.0/bench/pkgIndex.tcl 
Execute             source C:/Xilinx/2025.1/Vitis/tps/tcl/tcllib2.0/bibtex/pkgIndex.tcl 
Execute             source C:/Xilinx/2025.1/Vitis/tps/tcl/tcllib2.0/cache/pkgIndex.tcl 
Execute             source C:/Xilinx/2025.1/Vitis/tps/tcl/tcllib2.0/clay/pkgIndex.tcl 
Execute             source C:/Xilinx/2025.1/Vitis/tps/tcl/tcllib2.0/clock/pkgIndex.tcl 
Execute             source C:/Xilinx/2025.1/Vitis/tps/tcl/tcllib2.0/cmdline/pkgIndex.tcl 
Execute             source C:/Xilinx/2025.1/Vitis/tps/tcl/tcllib2.0/comm/pkgIndex.tcl 
Execute             source C:/Xilinx/2025.1/Vitis/tps/tcl/tcllib2.0/control/pkgIndex.tcl 
Execute             source C:/Xilinx/2025.1/Vitis/tps/tcl/tcllib2.0/coroutine/pkgIndex.tcl 
Execute             source C:/Xilinx/2025.1/Vitis/tps/tcl/tcllib2.0/counter/pkgIndex.tcl 
Execute             source C:/Xilinx/2025.1/Vitis/tps/tcl/tcllib2.0/crc/pkgIndex.tcl 
Execute             source C:/Xilinx/2025.1/Vitis/tps/tcl/tcllib2.0/cron/pkgIndex.tcl 
Execute             source C:/Xilinx/2025.1/Vitis/tps/tcl/tcllib2.0/csv/pkgIndex.tcl 
Execute             source C:/Xilinx/2025.1/Vitis/tps/tcl/tcllib2.0/debug/pkgIndex.tcl 
Execute             source C:/Xilinx/2025.1/Vitis/tps/tcl/tcllib2.0/defer/pkgIndex.tcl 
Execute             source C:/Xilinx/2025.1/Vitis/tps/tcl/tcllib2.0/dicttool/pkgIndex.tcl 
Execute             source C:/Xilinx/2025.1/Vitis/tps/tcl/tcllib2.0/dns/pkgIndex.tcl 
Execute             source C:/Xilinx/2025.1/Vitis/tps/tcl/tcllib2.0/docstrip/pkgIndex.tcl 
Execute             source C:/Xilinx/2025.1/Vitis/tps/tcl/tcllib2.0/doctools/pkgIndex.tcl 
Execute             source C:/Xilinx/2025.1/Vitis/tps/tcl/tcllib2.0/doctools2base/pkgIndex.tcl 
Execute             source C:/Xilinx/2025.1/Vitis/tps/tcl/tcllib2.0/doctools2idx/pkgIndex.tcl 
Execute             source C:/Xilinx/2025.1/Vitis/tps/tcl/tcllib2.0/doctools2toc/pkgIndex.tcl 
Execute             source C:/Xilinx/2025.1/Vitis/tps/tcl/tcllib2.0/dtplite/pkgIndex.tcl 
Execute             source C:/Xilinx/2025.1/Vitis/tps/tcl/tcllib2.0/fileutil/pkgIndex.tcl 
Execute             source C:/Xilinx/2025.1/Vitis/tps/tcl/tcllib2.0/ftp/pkgIndex.tcl 
Execute             source C:/Xilinx/2025.1/Vitis/tps/tcl/tcllib2.0/ftpd/pkgIndex.tcl 
Execute             source C:/Xilinx/2025.1/Vitis/tps/tcl/tcllib2.0/fumagic/pkgIndex.tcl 
Execute             source C:/Xilinx/2025.1/Vitis/tps/tcl/tcllib2.0/generator/pkgIndex.tcl 
Execute             source C:/Xilinx/2025.1/Vitis/tps/tcl/tcllib2.0/gpx/pkgIndex.tcl 
Execute             source C:/Xilinx/2025.1/Vitis/tps/tcl/tcllib2.0/grammar_aycock/pkgIndex.tcl 
Execute             source C:/Xilinx/2025.1/Vitis/tps/tcl/tcllib2.0/grammar_fa/pkgIndex.tcl 
Execute             source C:/Xilinx/2025.1/Vitis/tps/tcl/tcllib2.0/grammar_me/pkgIndex.tcl 
Execute             source C:/Xilinx/2025.1/Vitis/tps/tcl/tcllib2.0/grammar_peg/pkgIndex.tcl 
Execute             source C:/Xilinx/2025.1/Vitis/tps/tcl/tcllib2.0/hook/pkgIndex.tcl 
Execute             source C:/Xilinx/2025.1/Vitis/tps/tcl/tcllib2.0/html/pkgIndex.tcl 
Execute             source C:/Xilinx/2025.1/Vitis/tps/tcl/tcllib2.0/htmlparse/pkgIndex.tcl 
Execute             source C:/Xilinx/2025.1/Vitis/tps/tcl/tcllib2.0/http/pkgIndex.tcl 
Execute             source C:/Xilinx/2025.1/Vitis/tps/tcl/tcllib2.0/httpd/pkgIndex.tcl 
Execute             source C:/Xilinx/2025.1/Vitis/tps/tcl/tcllib2.0/httpwget/pkgIndex.tcl 
Execute             source C:/Xilinx/2025.1/Vitis/tps/tcl/tcllib2.0/ident/pkgIndex.tcl 
Execute             source C:/Xilinx/2025.1/Vitis/tps/tcl/tcllib2.0/imap4/pkgIndex.tcl 
Execute             source C:/Xilinx/2025.1/Vitis/tps/tcl/tcllib2.0/inifile/pkgIndex.tcl 
Execute             source C:/Xilinx/2025.1/Vitis/tps/tcl/tcllib2.0/interp/pkgIndex.tcl 
Execute             source C:/Xilinx/2025.1/Vitis/tps/tcl/tcllib2.0/irc/pkgIndex.tcl 
Execute             source C:/Xilinx/2025.1/Vitis/tps/tcl/tcllib2.0/javascript/pkgIndex.tcl 
Execute             source C:/Xilinx/2025.1/Vitis/tps/tcl/tcllib2.0/jpeg/pkgIndex.tcl 
Execute             source C:/Xilinx/2025.1/Vitis/tps/tcl/tcllib2.0/json/pkgIndex.tcl 
Execute             source C:/Xilinx/2025.1/Vitis/tps/tcl/tcllib2.0/lambda/pkgIndex.tcl 
Execute             source C:/Xilinx/2025.1/Vitis/tps/tcl/tcllib2.0/lazyset/pkgIndex.tcl 
Execute             source C:/Xilinx/2025.1/Vitis/tps/tcl/tcllib2.0/ldap/pkgIndex.tcl 
Execute             source C:/Xilinx/2025.1/Vitis/tps/tcl/tcllib2.0/log/pkgIndex.tcl 
Execute             source C:/Xilinx/2025.1/Vitis/tps/tcl/tcllib2.0/map/pkgIndex.tcl 
Execute             source C:/Xilinx/2025.1/Vitis/tps/tcl/tcllib2.0/mapproj/pkgIndex.tcl 
Execute             source C:/Xilinx/2025.1/Vitis/tps/tcl/tcllib2.0/markdown/pkgIndex.tcl 
Execute             source C:/Xilinx/2025.1/Vitis/tps/tcl/tcllib2.0/math/pkgIndex.tcl 
Execute             source C:/Xilinx/2025.1/Vitis/tps/tcl/tcllib2.0/md4/pkgIndex.tcl 
Execute             source C:/Xilinx/2025.1/Vitis/tps/tcl/tcllib2.0/md5/pkgIndex.tcl 
Execute             source C:/Xilinx/2025.1/Vitis/tps/tcl/tcllib2.0/md5crypt/pkgIndex.tcl 
Execute             source C:/Xilinx/2025.1/Vitis/tps/tcl/tcllib2.0/mime/pkgIndex.tcl 
Execute             source C:/Xilinx/2025.1/Vitis/tps/tcl/tcllib2.0/mkdoc/pkgIndex.tcl 
Execute             source C:/Xilinx/2025.1/Vitis/tps/tcl/tcllib2.0/multiplexer/pkgIndex.tcl 
Execute             source C:/Xilinx/2025.1/Vitis/tps/tcl/tcllib2.0/namespacex/pkgIndex.tcl 
Execute             source C:/Xilinx/2025.1/Vitis/tps/tcl/tcllib2.0/ncgi/pkgIndex.tcl 
Execute             source C:/Xilinx/2025.1/Vitis/tps/tcl/tcllib2.0/nettool/pkgIndex.tcl 
Execute             source C:/Xilinx/2025.1/Vitis/tps/tcl/tcllib2.0/nmea/pkgIndex.tcl 
Execute             source C:/Xilinx/2025.1/Vitis/tps/tcl/tcllib2.0/nns/pkgIndex.tcl 
Execute             source C:/Xilinx/2025.1/Vitis/tps/tcl/tcllib2.0/nntp/pkgIndex.tcl 
Execute             source C:/Xilinx/2025.1/Vitis/tps/tcl/tcllib2.0/ntp/pkgIndex.tcl 
Execute             source C:/Xilinx/2025.1/Vitis/tps/tcl/tcllib2.0/oauth/pkgIndex.tcl 
Execute             source C:/Xilinx/2025.1/Vitis/tps/tcl/tcllib2.0/oodialect/pkgIndex.tcl 
Execute             source C:/Xilinx/2025.1/Vitis/tps/tcl/tcllib2.0/oometa/pkgIndex.tcl 
Execute             source C:/Xilinx/2025.1/Vitis/tps/tcl/tcllib2.0/ooutil/pkgIndex.tcl 
Execute             source C:/Xilinx/2025.1/Vitis/tps/tcl/tcllib2.0/otp/pkgIndex.tcl 
Execute             source C:/Xilinx/2025.1/Vitis/tps/tcl/tcllib2.0/page/pkgIndex.tcl 
Execute             source C:/Xilinx/2025.1/Vitis/tps/tcl/tcllib2.0/pluginmgr/pkgIndex.tcl 
Execute             source C:/Xilinx/2025.1/Vitis/tps/tcl/tcllib2.0/png/pkgIndex.tcl 
Execute             source C:/Xilinx/2025.1/Vitis/tps/tcl/tcllib2.0/pop3/pkgIndex.tcl 
Execute             source C:/Xilinx/2025.1/Vitis/tps/tcl/tcllib2.0/pop3d/pkgIndex.tcl 
Execute             source C:/Xilinx/2025.1/Vitis/tps/tcl/tcllib2.0/practcl/pkgIndex.tcl 
Execute             source C:/Xilinx/2025.1/Vitis/tps/tcl/tcllib2.0/processman/pkgIndex.tcl 
Execute             source C:/Xilinx/2025.1/Vitis/tps/tcl/tcllib2.0/profiler/pkgIndex.tcl 
Execute             source C:/Xilinx/2025.1/Vitis/tps/tcl/tcllib2.0/pt/pkgIndex.tcl 
Execute             source C:/Xilinx/2025.1/Vitis/tps/tcl/tcllib2.0/rcs/pkgIndex.tcl 
Execute             source C:/Xilinx/2025.1/Vitis/tps/tcl/tcllib2.0/report/pkgIndex.tcl 
Execute             source C:/Xilinx/2025.1/Vitis/tps/tcl/tcllib2.0/rest/pkgIndex.tcl 
Execute             source C:/Xilinx/2025.1/Vitis/tps/tcl/tcllib2.0/ripemd/pkgIndex.tcl 
Execute             source C:/Xilinx/2025.1/Vitis/tps/tcl/tcllib2.0/sasl/pkgIndex.tcl 
Execute             source C:/Xilinx/2025.1/Vitis/tps/tcl/tcllib2.0/sha1/pkgIndex.tcl 
Execute             source C:/Xilinx/2025.1/Vitis/tps/tcl/tcllib2.0/simulation/pkgIndex.tcl 
Execute             source C:/Xilinx/2025.1/Vitis/tps/tcl/tcllib2.0/smtpd/pkgIndex.tcl 
Execute             source C:/Xilinx/2025.1/Vitis/tps/tcl/tcllib2.0/snit/pkgIndex.tcl 
Execute             source C:/Xilinx/2025.1/Vitis/tps/tcl/tcllib2.0/soundex/pkgIndex.tcl 
Execute             source C:/Xilinx/2025.1/Vitis/tps/tcl/tcllib2.0/stooop/pkgIndex.tcl 
Execute             source C:/Xilinx/2025.1/Vitis/tps/tcl/tcllib2.0/string/pkgIndex.tcl 
Execute             source C:/Xilinx/2025.1/Vitis/tps/tcl/tcllib2.0/stringprep/pkgIndex.tcl 
Execute             source C:/Xilinx/2025.1/Vitis/tps/tcl/tcllib2.0/struct/pkgIndex.tcl 
Execute             source C:/Xilinx/2025.1/Vitis/tps/tcl/tcllib2.0/tar/pkgIndex.tcl 
Execute             source C:/Xilinx/2025.1/Vitis/tps/tcl/tcllib2.0/tepam/pkgIndex.tcl 
Execute             source C:/Xilinx/2025.1/Vitis/tps/tcl/tcllib2.0/term/pkgIndex.tcl 
Execute             source C:/Xilinx/2025.1/Vitis/tps/tcl/tcllib2.0/textutil/pkgIndex.tcl 
Execute             source C:/Xilinx/2025.1/Vitis/tps/tcl/tcllib2.0/tie/pkgIndex.tcl 
Execute             source C:/Xilinx/2025.1/Vitis/tps/tcl/tcllib2.0/tiff/pkgIndex.tcl 
Execute             source C:/Xilinx/2025.1/Vitis/tps/tcl/tcllib2.0/tool/pkgIndex.tcl 
Execute             source C:/Xilinx/2025.1/Vitis/tps/tcl/tcllib2.0/transfer/pkgIndex.tcl 
Execute             source C:/Xilinx/2025.1/Vitis/tps/tcl/tcllib2.0/treeql/pkgIndex.tcl 
Execute             source C:/Xilinx/2025.1/Vitis/tps/tcl/tcllib2.0/try/pkgIndex.tcl 
Execute             source C:/Xilinx/2025.1/Vitis/tps/tcl/tcllib2.0/udpcluster/pkgIndex.tcl 
Execute             source C:/Xilinx/2025.1/Vitis/tps/tcl/tcllib2.0/uev/pkgIndex.tcl 
Execute             source C:/Xilinx/2025.1/Vitis/tps/tcl/tcllib2.0/units/pkgIndex.tcl 
Execute             source C:/Xilinx/2025.1/Vitis/tps/tcl/tcllib2.0/uri/pkgIndex.tcl 
Execute             source C:/Xilinx/2025.1/Vitis/tps/tcl/tcllib2.0/uuid/pkgIndex.tcl 
Execute             source C:/Xilinx/2025.1/Vitis/tps/tcl/tcllib2.0/valtype/pkgIndex.tcl 
Execute             source C:/Xilinx/2025.1/Vitis/tps/tcl/tcllib2.0/virtchannel_base/pkgIndex.tcl 
Execute             source C:/Xilinx/2025.1/Vitis/tps/tcl/tcllib2.0/virtchannel_core/pkgIndex.tcl 
Execute             source C:/Xilinx/2025.1/Vitis/tps/tcl/tcllib2.0/virtchannel_transform/pkgIndex.tcl 
Execute             source C:/Xilinx/2025.1/Vitis/tps/tcl/tcllib2.0/websocket/pkgIndex.tcl 
Execute             source C:/Xilinx/2025.1/Vitis/tps/tcl/tcllib2.0/wip/pkgIndex.tcl 
Execute             source C:/Xilinx/2025.1/Vitis/tps/tcl/tcllib2.0/yaml/pkgIndex.tcl 
Execute             source C:/Xilinx/2025.1/Vitis/tps/tcl/tcllib2.0/zip/pkgIndex.tcl 
Command           ap_source done; 0.155 sec.
Execute           source C:/Xilinx/2025.1/Vitis/tps/tcl/tdom/pkgIndex.tcl 
Execute           source C:/Xilinx/2025.1/Vitis/tps/tcl/tk8.6/pkgIndex.tcl 
Execute           source C:/Xilinx/2025.1/Vitis/tps/tcl/tcl8.6/opt0.4/pkgIndex.tcl 
Execute           source C:/Xilinx/2025.1/Vitis/tps/tcl/tcl8.6/pkgs/win/thread2.8.7/pkgIndex.tcl 
Command         ap_source done; 0.344 sec.
Execute         source C:/Xilinx/2025.1/Vitis/tps/tcl/tcllib2.0/0compatibility/pkgIndex.tcl 
Execute         source C:/Xilinx/2025.1/Vitis/tps/tcl/tcllib2.0/amazon-s3/pkgIndex.tcl 
Execute         source C:/Xilinx/2025.1/Vitis/tps/tcl/tcllib2.0/asn/pkgIndex.tcl 
Execute         source C:/Xilinx/2025.1/Vitis/tps/tcl/tcllib2.0/base32/pkgIndex.tcl 
Execute         source C:/Xilinx/2025.1/Vitis/tps/tcl/tcllib2.0/base64/pkgIndex.tcl 
Execute         source C:/Xilinx/2025.1/Vitis/tps/tcl/tcllib2.0/bee/pkgIndex.tcl 
Execute         source C:/Xilinx/2025.1/Vitis/tps/tcl/tcllib2.0/bench/pkgIndex.tcl 
Execute         source C:/Xilinx/2025.1/Vitis/tps/tcl/tcllib2.0/bibtex/pkgIndex.tcl 
Execute         source C:/Xilinx/2025.1/Vitis/tps/tcl/tcllib2.0/cache/pkgIndex.tcl 
Execute         source C:/Xilinx/2025.1/Vitis/tps/tcl/tcllib2.0/clay/pkgIndex.tcl 
Execute         source C:/Xilinx/2025.1/Vitis/tps/tcl/tcllib2.0/clock/pkgIndex.tcl 
Execute         source C:/Xilinx/2025.1/Vitis/tps/tcl/tcllib2.0/cmdline/pkgIndex.tcl 
Execute         source C:/Xilinx/2025.1/Vitis/tps/tcl/tcllib2.0/comm/pkgIndex.tcl 
Execute         source C:/Xilinx/2025.1/Vitis/tps/tcl/tcllib2.0/control/pkgIndex.tcl 
Execute         source C:/Xilinx/2025.1/Vitis/tps/tcl/tcllib2.0/coroutine/pkgIndex.tcl 
Execute         source C:/Xilinx/2025.1/Vitis/tps/tcl/tcllib2.0/counter/pkgIndex.tcl 
Execute         source C:/Xilinx/2025.1/Vitis/tps/tcl/tcllib2.0/crc/pkgIndex.tcl 
Execute         source C:/Xilinx/2025.1/Vitis/tps/tcl/tcllib2.0/cron/pkgIndex.tcl 
Execute         source C:/Xilinx/2025.1/Vitis/tps/tcl/tcllib2.0/csv/pkgIndex.tcl 
Execute         source C:/Xilinx/2025.1/Vitis/tps/tcl/tcllib2.0/debug/pkgIndex.tcl 
Execute         source C:/Xilinx/2025.1/Vitis/tps/tcl/tcllib2.0/defer/pkgIndex.tcl 
Execute         source C:/Xilinx/2025.1/Vitis/tps/tcl/tcllib2.0/dicttool/pkgIndex.tcl 
Execute         source C:/Xilinx/2025.1/Vitis/tps/tcl/tcllib2.0/dns/pkgIndex.tcl 
Execute         source C:/Xilinx/2025.1/Vitis/tps/tcl/tcllib2.0/docstrip/pkgIndex.tcl 
Execute         source C:/Xilinx/2025.1/Vitis/tps/tcl/tcllib2.0/doctools/pkgIndex.tcl 
Execute         source C:/Xilinx/2025.1/Vitis/tps/tcl/tcllib2.0/doctools2base/pkgIndex.tcl 
Execute         source C:/Xilinx/2025.1/Vitis/tps/tcl/tcllib2.0/doctools2idx/pkgIndex.tcl 
Execute         source C:/Xilinx/2025.1/Vitis/tps/tcl/tcllib2.0/doctools2toc/pkgIndex.tcl 
Execute         source C:/Xilinx/2025.1/Vitis/tps/tcl/tcllib2.0/dtplite/pkgIndex.tcl 
Execute         source C:/Xilinx/2025.1/Vitis/tps/tcl/tcllib2.0/fileutil/pkgIndex.tcl 
Execute         source C:/Xilinx/2025.1/Vitis/tps/tcl/tcllib2.0/ftp/pkgIndex.tcl 
Execute         source C:/Xilinx/2025.1/Vitis/tps/tcl/tcllib2.0/ftpd/pkgIndex.tcl 
Execute         source C:/Xilinx/2025.1/Vitis/tps/tcl/tcllib2.0/fumagic/pkgIndex.tcl 
Execute         source C:/Xilinx/2025.1/Vitis/tps/tcl/tcllib2.0/generator/pkgIndex.tcl 
Execute         source C:/Xilinx/2025.1/Vitis/tps/tcl/tcllib2.0/gpx/pkgIndex.tcl 
Execute         source C:/Xilinx/2025.1/Vitis/tps/tcl/tcllib2.0/grammar_aycock/pkgIndex.tcl 
Execute         source C:/Xilinx/2025.1/Vitis/tps/tcl/tcllib2.0/grammar_fa/pkgIndex.tcl 
Execute         source C:/Xilinx/2025.1/Vitis/tps/tcl/tcllib2.0/grammar_me/pkgIndex.tcl 
Execute         source C:/Xilinx/2025.1/Vitis/tps/tcl/tcllib2.0/grammar_peg/pkgIndex.tcl 
Execute         source C:/Xilinx/2025.1/Vitis/tps/tcl/tcllib2.0/hook/pkgIndex.tcl 
Execute         source C:/Xilinx/2025.1/Vitis/tps/tcl/tcllib2.0/html/pkgIndex.tcl 
Execute         source C:/Xilinx/2025.1/Vitis/tps/tcl/tcllib2.0/htmlparse/pkgIndex.tcl 
Execute         source C:/Xilinx/2025.1/Vitis/tps/tcl/tcllib2.0/http/pkgIndex.tcl 
Execute         source C:/Xilinx/2025.1/Vitis/tps/tcl/tcllib2.0/httpd/pkgIndex.tcl 
Execute         source C:/Xilinx/2025.1/Vitis/tps/tcl/tcllib2.0/httpwget/pkgIndex.tcl 
Execute         source C:/Xilinx/2025.1/Vitis/tps/tcl/tcllib2.0/ident/pkgIndex.tcl 
Execute         source C:/Xilinx/2025.1/Vitis/tps/tcl/tcllib2.0/imap4/pkgIndex.tcl 
Execute         source C:/Xilinx/2025.1/Vitis/tps/tcl/tcllib2.0/inifile/pkgIndex.tcl 
Execute         source C:/Xilinx/2025.1/Vitis/tps/tcl/tcllib2.0/interp/pkgIndex.tcl 
Execute         source C:/Xilinx/2025.1/Vitis/tps/tcl/tcllib2.0/irc/pkgIndex.tcl 
Execute         source C:/Xilinx/2025.1/Vitis/tps/tcl/tcllib2.0/javascript/pkgIndex.tcl 
Execute         source C:/Xilinx/2025.1/Vitis/tps/tcl/tcllib2.0/jpeg/pkgIndex.tcl 
Execute         source C:/Xilinx/2025.1/Vitis/tps/tcl/tcllib2.0/json/pkgIndex.tcl 
Execute         source C:/Xilinx/2025.1/Vitis/tps/tcl/tcllib2.0/lambda/pkgIndex.tcl 
Execute         source C:/Xilinx/2025.1/Vitis/tps/tcl/tcllib2.0/lazyset/pkgIndex.tcl 
Execute         source C:/Xilinx/2025.1/Vitis/tps/tcl/tcllib2.0/ldap/pkgIndex.tcl 
Execute         source C:/Xilinx/2025.1/Vitis/tps/tcl/tcllib2.0/log/pkgIndex.tcl 
Execute         source C:/Xilinx/2025.1/Vitis/tps/tcl/tcllib2.0/map/pkgIndex.tcl 
Execute         source C:/Xilinx/2025.1/Vitis/tps/tcl/tcllib2.0/mapproj/pkgIndex.tcl 
Execute         source C:/Xilinx/2025.1/Vitis/tps/tcl/tcllib2.0/markdown/pkgIndex.tcl 
Execute         source C:/Xilinx/2025.1/Vitis/tps/tcl/tcllib2.0/math/pkgIndex.tcl 
Execute         source C:/Xilinx/2025.1/Vitis/tps/tcl/tcllib2.0/md4/pkgIndex.tcl 
Execute         source C:/Xilinx/2025.1/Vitis/tps/tcl/tcllib2.0/md5/pkgIndex.tcl 
Execute         source C:/Xilinx/2025.1/Vitis/tps/tcl/tcllib2.0/md5crypt/pkgIndex.tcl 
Execute         source C:/Xilinx/2025.1/Vitis/tps/tcl/tcllib2.0/mime/pkgIndex.tcl 
Execute         source C:/Xilinx/2025.1/Vitis/tps/tcl/tcllib2.0/mkdoc/pkgIndex.tcl 
Execute         source C:/Xilinx/2025.1/Vitis/tps/tcl/tcllib2.0/multiplexer/pkgIndex.tcl 
Execute         source C:/Xilinx/2025.1/Vitis/tps/tcl/tcllib2.0/namespacex/pkgIndex.tcl 
Execute         source C:/Xilinx/2025.1/Vitis/tps/tcl/tcllib2.0/ncgi/pkgIndex.tcl 
Execute         source C:/Xilinx/2025.1/Vitis/tps/tcl/tcllib2.0/nettool/pkgIndex.tcl 
Execute         source C:/Xilinx/2025.1/Vitis/tps/tcl/tcllib2.0/nmea/pkgIndex.tcl 
Execute         source C:/Xilinx/2025.1/Vitis/tps/tcl/tcllib2.0/nns/pkgIndex.tcl 
Execute         source C:/Xilinx/2025.1/Vitis/tps/tcl/tcllib2.0/nntp/pkgIndex.tcl 
Execute         source C:/Xilinx/2025.1/Vitis/tps/tcl/tcllib2.0/ntp/pkgIndex.tcl 
Execute         source C:/Xilinx/2025.1/Vitis/tps/tcl/tcllib2.0/oauth/pkgIndex.tcl 
Execute         source C:/Xilinx/2025.1/Vitis/tps/tcl/tcllib2.0/oodialect/pkgIndex.tcl 
Execute         source C:/Xilinx/2025.1/Vitis/tps/tcl/tcllib2.0/oometa/pkgIndex.tcl 
Execute         source C:/Xilinx/2025.1/Vitis/tps/tcl/tcllib2.0/ooutil/pkgIndex.tcl 
Execute         source C:/Xilinx/2025.1/Vitis/tps/tcl/tcllib2.0/otp/pkgIndex.tcl 
Execute         source C:/Xilinx/2025.1/Vitis/tps/tcl/tcllib2.0/page/pkgIndex.tcl 
Execute         source C:/Xilinx/2025.1/Vitis/tps/tcl/tcllib2.0/pluginmgr/pkgIndex.tcl 
Execute         source C:/Xilinx/2025.1/Vitis/tps/tcl/tcllib2.0/png/pkgIndex.tcl 
Execute         source C:/Xilinx/2025.1/Vitis/tps/tcl/tcllib2.0/pop3/pkgIndex.tcl 
Execute         source C:/Xilinx/2025.1/Vitis/tps/tcl/tcllib2.0/pop3d/pkgIndex.tcl 
Execute         source C:/Xilinx/2025.1/Vitis/tps/tcl/tcllib2.0/practcl/pkgIndex.tcl 
Execute         source C:/Xilinx/2025.1/Vitis/tps/tcl/tcllib2.0/processman/pkgIndex.tcl 
Execute         source C:/Xilinx/2025.1/Vitis/tps/tcl/tcllib2.0/profiler/pkgIndex.tcl 
Execute         source C:/Xilinx/2025.1/Vitis/tps/tcl/tcllib2.0/pt/pkgIndex.tcl 
Execute         source C:/Xilinx/2025.1/Vitis/tps/tcl/tcllib2.0/rcs/pkgIndex.tcl 
Execute         source C:/Xilinx/2025.1/Vitis/tps/tcl/tcllib2.0/report/pkgIndex.tcl 
Execute         source C:/Xilinx/2025.1/Vitis/tps/tcl/tcllib2.0/rest/pkgIndex.tcl 
Execute         source C:/Xilinx/2025.1/Vitis/tps/tcl/tcllib2.0/ripemd/pkgIndex.tcl 
Execute         source C:/Xilinx/2025.1/Vitis/tps/tcl/tcllib2.0/sasl/pkgIndex.tcl 
Execute         source C:/Xilinx/2025.1/Vitis/tps/tcl/tcllib2.0/sha1/pkgIndex.tcl 
Execute         source C:/Xilinx/2025.1/Vitis/tps/tcl/tcllib2.0/simulation/pkgIndex.tcl 
Execute         source C:/Xilinx/2025.1/Vitis/tps/tcl/tcllib2.0/smtpd/pkgIndex.tcl 
Execute         source C:/Xilinx/2025.1/Vitis/tps/tcl/tcllib2.0/snit/pkgIndex.tcl 
Execute         source C:/Xilinx/2025.1/Vitis/tps/tcl/tcllib2.0/soundex/pkgIndex.tcl 
Execute         source C:/Xilinx/2025.1/Vitis/tps/tcl/tcllib2.0/stooop/pkgIndex.tcl 
Execute         source C:/Xilinx/2025.1/Vitis/tps/tcl/tcllib2.0/string/pkgIndex.tcl 
Execute         source C:/Xilinx/2025.1/Vitis/tps/tcl/tcllib2.0/stringprep/pkgIndex.tcl 
Execute         source C:/Xilinx/2025.1/Vitis/tps/tcl/tcllib2.0/struct/pkgIndex.tcl 
Execute         source C:/Xilinx/2025.1/Vitis/tps/tcl/tcllib2.0/tar/pkgIndex.tcl 
Execute         source C:/Xilinx/2025.1/Vitis/tps/tcl/tcllib2.0/tepam/pkgIndex.tcl 
Execute         source C:/Xilinx/2025.1/Vitis/tps/tcl/tcllib2.0/term/pkgIndex.tcl 
Execute         source C:/Xilinx/2025.1/Vitis/tps/tcl/tcllib2.0/textutil/pkgIndex.tcl 
Execute         source C:/Xilinx/2025.1/Vitis/tps/tcl/tcllib2.0/tie/pkgIndex.tcl 
Execute         source C:/Xilinx/2025.1/Vitis/tps/tcl/tcllib2.0/tiff/pkgIndex.tcl 
Execute         source C:/Xilinx/2025.1/Vitis/tps/tcl/tcllib2.0/tool/pkgIndex.tcl 
Execute         source C:/Xilinx/2025.1/Vitis/tps/tcl/tcllib2.0/transfer/pkgIndex.tcl 
Execute         source C:/Xilinx/2025.1/Vitis/tps/tcl/tcllib2.0/treeql/pkgIndex.tcl 
Execute         source C:/Xilinx/2025.1/Vitis/tps/tcl/tcllib2.0/try/pkgIndex.tcl 
Execute         source C:/Xilinx/2025.1/Vitis/tps/tcl/tcllib2.0/udpcluster/pkgIndex.tcl 
Execute         source C:/Xilinx/2025.1/Vitis/tps/tcl/tcllib2.0/uev/pkgIndex.tcl 
Execute         source C:/Xilinx/2025.1/Vitis/tps/tcl/tcllib2.0/units/pkgIndex.tcl 
Execute         source C:/Xilinx/2025.1/Vitis/tps/tcl/tcllib2.0/uri/pkgIndex.tcl 
Execute         source C:/Xilinx/2025.1/Vitis/tps/tcl/tcllib2.0/uuid/pkgIndex.tcl 
Execute         source C:/Xilinx/2025.1/Vitis/tps/tcl/tcllib2.0/valtype/pkgIndex.tcl 
Execute         source C:/Xilinx/2025.1/Vitis/tps/tcl/tcllib2.0/virtchannel_base/pkgIndex.tcl 
Execute         source C:/Xilinx/2025.1/Vitis/tps/tcl/tcllib2.0/virtchannel_core/pkgIndex.tcl 
Execute         source C:/Xilinx/2025.1/Vitis/tps/tcl/tcllib2.0/virtchannel_transform/pkgIndex.tcl 
Execute         source C:/Xilinx/2025.1/Vitis/tps/tcl/tcllib2.0/websocket/pkgIndex.tcl 
Execute         source C:/Xilinx/2025.1/Vitis/tps/tcl/tcllib2.0/wip/pkgIndex.tcl 
Execute         source C:/Xilinx/2025.1/Vitis/tps/tcl/tcllib2.0/yaml/pkgIndex.tcl 
Execute         source C:/Xilinx/2025.1/Vitis/tps/tcl/tcllib2.0/zip/pkgIndex.tcl 
Execute         source C:/Xilinx/2025.1/Vitis/tps/tcl/tcllib2.0/pkgIndex.tcl 
Execute           source C:/Xilinx/2025.1/Vitis/tps/tcl/tcllib2.0/0compatibility/pkgIndex.tcl 
Execute           source C:/Xilinx/2025.1/Vitis/tps/tcl/tcllib2.0/amazon-s3/pkgIndex.tcl 
Execute           source C:/Xilinx/2025.1/Vitis/tps/tcl/tcllib2.0/asn/pkgIndex.tcl 
Execute           source C:/Xilinx/2025.1/Vitis/tps/tcl/tcllib2.0/base32/pkgIndex.tcl 
Execute           source C:/Xilinx/2025.1/Vitis/tps/tcl/tcllib2.0/base64/pkgIndex.tcl 
Execute           source C:/Xilinx/2025.1/Vitis/tps/tcl/tcllib2.0/bee/pkgIndex.tcl 
Execute           source C:/Xilinx/2025.1/Vitis/tps/tcl/tcllib2.0/bench/pkgIndex.tcl 
Execute           source C:/Xilinx/2025.1/Vitis/tps/tcl/tcllib2.0/bibtex/pkgIndex.tcl 
Execute           source C:/Xilinx/2025.1/Vitis/tps/tcl/tcllib2.0/cache/pkgIndex.tcl 
Execute           source C:/Xilinx/2025.1/Vitis/tps/tcl/tcllib2.0/clay/pkgIndex.tcl 
Execute           source C:/Xilinx/2025.1/Vitis/tps/tcl/tcllib2.0/clock/pkgIndex.tcl 
Execute           source C:/Xilinx/2025.1/Vitis/tps/tcl/tcllib2.0/cmdline/pkgIndex.tcl 
Execute           source C:/Xilinx/2025.1/Vitis/tps/tcl/tcllib2.0/comm/pkgIndex.tcl 
Execute           source C:/Xilinx/2025.1/Vitis/tps/tcl/tcllib2.0/control/pkgIndex.tcl 
Execute           source C:/Xilinx/2025.1/Vitis/tps/tcl/tcllib2.0/coroutine/pkgIndex.tcl 
Execute           source C:/Xilinx/2025.1/Vitis/tps/tcl/tcllib2.0/counter/pkgIndex.tcl 
Execute           source C:/Xilinx/2025.1/Vitis/tps/tcl/tcllib2.0/crc/pkgIndex.tcl 
Execute           source C:/Xilinx/2025.1/Vitis/tps/tcl/tcllib2.0/cron/pkgIndex.tcl 
Execute           source C:/Xilinx/2025.1/Vitis/tps/tcl/tcllib2.0/csv/pkgIndex.tcl 
Execute           source C:/Xilinx/2025.1/Vitis/tps/tcl/tcllib2.0/debug/pkgIndex.tcl 
Execute           source C:/Xilinx/2025.1/Vitis/tps/tcl/tcllib2.0/defer/pkgIndex.tcl 
Execute           source C:/Xilinx/2025.1/Vitis/tps/tcl/tcllib2.0/dicttool/pkgIndex.tcl 
Execute           source C:/Xilinx/2025.1/Vitis/tps/tcl/tcllib2.0/dns/pkgIndex.tcl 
Execute           source C:/Xilinx/2025.1/Vitis/tps/tcl/tcllib2.0/docstrip/pkgIndex.tcl 
Execute           source C:/Xilinx/2025.1/Vitis/tps/tcl/tcllib2.0/doctools/pkgIndex.tcl 
Execute           source C:/Xilinx/2025.1/Vitis/tps/tcl/tcllib2.0/doctools2base/pkgIndex.tcl 
Execute           source C:/Xilinx/2025.1/Vitis/tps/tcl/tcllib2.0/doctools2idx/pkgIndex.tcl 
Execute           source C:/Xilinx/2025.1/Vitis/tps/tcl/tcllib2.0/doctools2toc/pkgIndex.tcl 
Execute           source C:/Xilinx/2025.1/Vitis/tps/tcl/tcllib2.0/dtplite/pkgIndex.tcl 
Execute           source C:/Xilinx/2025.1/Vitis/tps/tcl/tcllib2.0/fileutil/pkgIndex.tcl 
Execute           source C:/Xilinx/2025.1/Vitis/tps/tcl/tcllib2.0/ftp/pkgIndex.tcl 
Execute           source C:/Xilinx/2025.1/Vitis/tps/tcl/tcllib2.0/ftpd/pkgIndex.tcl 
Execute           source C:/Xilinx/2025.1/Vitis/tps/tcl/tcllib2.0/fumagic/pkgIndex.tcl 
Execute           source C:/Xilinx/2025.1/Vitis/tps/tcl/tcllib2.0/generator/pkgIndex.tcl 
Execute           source C:/Xilinx/2025.1/Vitis/tps/tcl/tcllib2.0/gpx/pkgIndex.tcl 
Execute           source C:/Xilinx/2025.1/Vitis/tps/tcl/tcllib2.0/grammar_aycock/pkgIndex.tcl 
Execute           source C:/Xilinx/2025.1/Vitis/tps/tcl/tcllib2.0/grammar_fa/pkgIndex.tcl 
Execute           source C:/Xilinx/2025.1/Vitis/tps/tcl/tcllib2.0/grammar_me/pkgIndex.tcl 
Execute           source C:/Xilinx/2025.1/Vitis/tps/tcl/tcllib2.0/grammar_peg/pkgIndex.tcl 
Execute           source C:/Xilinx/2025.1/Vitis/tps/tcl/tcllib2.0/hook/pkgIndex.tcl 
Execute           source C:/Xilinx/2025.1/Vitis/tps/tcl/tcllib2.0/html/pkgIndex.tcl 
Execute           source C:/Xilinx/2025.1/Vitis/tps/tcl/tcllib2.0/htmlparse/pkgIndex.tcl 
Execute           source C:/Xilinx/2025.1/Vitis/tps/tcl/tcllib2.0/http/pkgIndex.tcl 
Execute           source C:/Xilinx/2025.1/Vitis/tps/tcl/tcllib2.0/httpd/pkgIndex.tcl 
Execute           source C:/Xilinx/2025.1/Vitis/tps/tcl/tcllib2.0/httpwget/pkgIndex.tcl 
Execute           source C:/Xilinx/2025.1/Vitis/tps/tcl/tcllib2.0/ident/pkgIndex.tcl 
Execute           source C:/Xilinx/2025.1/Vitis/tps/tcl/tcllib2.0/imap4/pkgIndex.tcl 
Execute           source C:/Xilinx/2025.1/Vitis/tps/tcl/tcllib2.0/inifile/pkgIndex.tcl 
Execute           source C:/Xilinx/2025.1/Vitis/tps/tcl/tcllib2.0/interp/pkgIndex.tcl 
Execute           source C:/Xilinx/2025.1/Vitis/tps/tcl/tcllib2.0/irc/pkgIndex.tcl 
Execute           source C:/Xilinx/2025.1/Vitis/tps/tcl/tcllib2.0/javascript/pkgIndex.tcl 
Execute           source C:/Xilinx/2025.1/Vitis/tps/tcl/tcllib2.0/jpeg/pkgIndex.tcl 
Execute           source C:/Xilinx/2025.1/Vitis/tps/tcl/tcllib2.0/json/pkgIndex.tcl 
Execute           source C:/Xilinx/2025.1/Vitis/tps/tcl/tcllib2.0/lambda/pkgIndex.tcl 
Execute           source C:/Xilinx/2025.1/Vitis/tps/tcl/tcllib2.0/lazyset/pkgIndex.tcl 
Execute           source C:/Xilinx/2025.1/Vitis/tps/tcl/tcllib2.0/ldap/pkgIndex.tcl 
Execute           source C:/Xilinx/2025.1/Vitis/tps/tcl/tcllib2.0/log/pkgIndex.tcl 
Execute           source C:/Xilinx/2025.1/Vitis/tps/tcl/tcllib2.0/map/pkgIndex.tcl 
Execute           source C:/Xilinx/2025.1/Vitis/tps/tcl/tcllib2.0/mapproj/pkgIndex.tcl 
Execute           source C:/Xilinx/2025.1/Vitis/tps/tcl/tcllib2.0/markdown/pkgIndex.tcl 
Execute           source C:/Xilinx/2025.1/Vitis/tps/tcl/tcllib2.0/math/pkgIndex.tcl 
Execute           source C:/Xilinx/2025.1/Vitis/tps/tcl/tcllib2.0/md4/pkgIndex.tcl 
Execute           source C:/Xilinx/2025.1/Vitis/tps/tcl/tcllib2.0/md5/pkgIndex.tcl 
Execute           source C:/Xilinx/2025.1/Vitis/tps/tcl/tcllib2.0/md5crypt/pkgIndex.tcl 
Execute           source C:/Xilinx/2025.1/Vitis/tps/tcl/tcllib2.0/mime/pkgIndex.tcl 
Execute           source C:/Xilinx/2025.1/Vitis/tps/tcl/tcllib2.0/mkdoc/pkgIndex.tcl 
Execute           source C:/Xilinx/2025.1/Vitis/tps/tcl/tcllib2.0/multiplexer/pkgIndex.tcl 
Execute           source C:/Xilinx/2025.1/Vitis/tps/tcl/tcllib2.0/namespacex/pkgIndex.tcl 
Execute           source C:/Xilinx/2025.1/Vitis/tps/tcl/tcllib2.0/ncgi/pkgIndex.tcl 
Execute           source C:/Xilinx/2025.1/Vitis/tps/tcl/tcllib2.0/nettool/pkgIndex.tcl 
Execute           source C:/Xilinx/2025.1/Vitis/tps/tcl/tcllib2.0/nmea/pkgIndex.tcl 
Execute           source C:/Xilinx/2025.1/Vitis/tps/tcl/tcllib2.0/nns/pkgIndex.tcl 
Execute           source C:/Xilinx/2025.1/Vitis/tps/tcl/tcllib2.0/nntp/pkgIndex.tcl 
Execute           source C:/Xilinx/2025.1/Vitis/tps/tcl/tcllib2.0/ntp/pkgIndex.tcl 
Execute           source C:/Xilinx/2025.1/Vitis/tps/tcl/tcllib2.0/oauth/pkgIndex.tcl 
Execute           source C:/Xilinx/2025.1/Vitis/tps/tcl/tcllib2.0/oodialect/pkgIndex.tcl 
Execute           source C:/Xilinx/2025.1/Vitis/tps/tcl/tcllib2.0/oometa/pkgIndex.tcl 
Execute           source C:/Xilinx/2025.1/Vitis/tps/tcl/tcllib2.0/ooutil/pkgIndex.tcl 
Execute           source C:/Xilinx/2025.1/Vitis/tps/tcl/tcllib2.0/otp/pkgIndex.tcl 
Execute           source C:/Xilinx/2025.1/Vitis/tps/tcl/tcllib2.0/page/pkgIndex.tcl 
Execute           source C:/Xilinx/2025.1/Vitis/tps/tcl/tcllib2.0/pluginmgr/pkgIndex.tcl 
Execute           source C:/Xilinx/2025.1/Vitis/tps/tcl/tcllib2.0/png/pkgIndex.tcl 
Execute           source C:/Xilinx/2025.1/Vitis/tps/tcl/tcllib2.0/pop3/pkgIndex.tcl 
Execute           source C:/Xilinx/2025.1/Vitis/tps/tcl/tcllib2.0/pop3d/pkgIndex.tcl 
Execute           source C:/Xilinx/2025.1/Vitis/tps/tcl/tcllib2.0/practcl/pkgIndex.tcl 
Execute           source C:/Xilinx/2025.1/Vitis/tps/tcl/tcllib2.0/processman/pkgIndex.tcl 
Execute           source C:/Xilinx/2025.1/Vitis/tps/tcl/tcllib2.0/profiler/pkgIndex.tcl 
Execute           source C:/Xilinx/2025.1/Vitis/tps/tcl/tcllib2.0/pt/pkgIndex.tcl 
Execute           source C:/Xilinx/2025.1/Vitis/tps/tcl/tcllib2.0/rcs/pkgIndex.tcl 
Execute           source C:/Xilinx/2025.1/Vitis/tps/tcl/tcllib2.0/report/pkgIndex.tcl 
Execute           source C:/Xilinx/2025.1/Vitis/tps/tcl/tcllib2.0/rest/pkgIndex.tcl 
Execute           source C:/Xilinx/2025.1/Vitis/tps/tcl/tcllib2.0/ripemd/pkgIndex.tcl 
Execute           source C:/Xilinx/2025.1/Vitis/tps/tcl/tcllib2.0/sasl/pkgIndex.tcl 
Execute           source C:/Xilinx/2025.1/Vitis/tps/tcl/tcllib2.0/sha1/pkgIndex.tcl 
Execute           source C:/Xilinx/2025.1/Vitis/tps/tcl/tcllib2.0/simulation/pkgIndex.tcl 
Execute           source C:/Xilinx/2025.1/Vitis/tps/tcl/tcllib2.0/smtpd/pkgIndex.tcl 
Execute           source C:/Xilinx/2025.1/Vitis/tps/tcl/tcllib2.0/snit/pkgIndex.tcl 
Execute           source C:/Xilinx/2025.1/Vitis/tps/tcl/tcllib2.0/soundex/pkgIndex.tcl 
Execute           source C:/Xilinx/2025.1/Vitis/tps/tcl/tcllib2.0/stooop/pkgIndex.tcl 
Execute           source C:/Xilinx/2025.1/Vitis/tps/tcl/tcllib2.0/string/pkgIndex.tcl 
Execute           source C:/Xilinx/2025.1/Vitis/tps/tcl/tcllib2.0/stringprep/pkgIndex.tcl 
Execute           source C:/Xilinx/2025.1/Vitis/tps/tcl/tcllib2.0/struct/pkgIndex.tcl 
Execute           source C:/Xilinx/2025.1/Vitis/tps/tcl/tcllib2.0/tar/pkgIndex.tcl 
Execute           source C:/Xilinx/2025.1/Vitis/tps/tcl/tcllib2.0/tepam/pkgIndex.tcl 
Execute           source C:/Xilinx/2025.1/Vitis/tps/tcl/tcllib2.0/term/pkgIndex.tcl 
Execute           source C:/Xilinx/2025.1/Vitis/tps/tcl/tcllib2.0/textutil/pkgIndex.tcl 
Execute           source C:/Xilinx/2025.1/Vitis/tps/tcl/tcllib2.0/tie/pkgIndex.tcl 
Execute           source C:/Xilinx/2025.1/Vitis/tps/tcl/tcllib2.0/tiff/pkgIndex.tcl 
Execute           source C:/Xilinx/2025.1/Vitis/tps/tcl/tcllib2.0/tool/pkgIndex.tcl 
Execute           source C:/Xilinx/2025.1/Vitis/tps/tcl/tcllib2.0/transfer/pkgIndex.tcl 
Execute           source C:/Xilinx/2025.1/Vitis/tps/tcl/tcllib2.0/treeql/pkgIndex.tcl 
Execute           source C:/Xilinx/2025.1/Vitis/tps/tcl/tcllib2.0/try/pkgIndex.tcl 
Execute           source C:/Xilinx/2025.1/Vitis/tps/tcl/tcllib2.0/udpcluster/pkgIndex.tcl 
Execute           source C:/Xilinx/2025.1/Vitis/tps/tcl/tcllib2.0/uev/pkgIndex.tcl 
Execute           source C:/Xilinx/2025.1/Vitis/tps/tcl/tcllib2.0/units/pkgIndex.tcl 
Execute           source C:/Xilinx/2025.1/Vitis/tps/tcl/tcllib2.0/uri/pkgIndex.tcl 
Execute           source C:/Xilinx/2025.1/Vitis/tps/tcl/tcllib2.0/uuid/pkgIndex.tcl 
Execute           source C:/Xilinx/2025.1/Vitis/tps/tcl/tcllib2.0/valtype/pkgIndex.tcl 
Execute           source C:/Xilinx/2025.1/Vitis/tps/tcl/tcllib2.0/virtchannel_base/pkgIndex.tcl 
Execute           source C:/Xilinx/2025.1/Vitis/tps/tcl/tcllib2.0/virtchannel_core/pkgIndex.tcl 
Execute           source C:/Xilinx/2025.1/Vitis/tps/tcl/tcllib2.0/virtchannel_transform/pkgIndex.tcl 
Execute           source C:/Xilinx/2025.1/Vitis/tps/tcl/tcllib2.0/websocket/pkgIndex.tcl 
Execute           source C:/Xilinx/2025.1/Vitis/tps/tcl/tcllib2.0/wip/pkgIndex.tcl 
Execute           source C:/Xilinx/2025.1/Vitis/tps/tcl/tcllib2.0/yaml/pkgIndex.tcl 
Execute           source C:/Xilinx/2025.1/Vitis/tps/tcl/tcllib2.0/zip/pkgIndex.tcl 
Command         ap_source done; 0.154 sec.
Execute         source C:/Xilinx/2025.1/Vitis/tps/tcl/tdom/pkgIndex.tcl 
Execute         source C:/Xilinx/2025.1/Vitis/tps/tcl/tk8.6/pkgIndex.tcl 
Execute         source C:/Xilinx/2025.1/Vitis/tps/tcl/tcl8.6/opt0.4/pkgIndex.tcl 
Execute         source C:/Xilinx/2025.1/Vitis/tps/tcl/tcl8.6/pkgs/win/thread2.8.7/pkgIndex.tcl 
Command       ap_source done; 0.679 sec.
INFO-FLOW: Workspace C:/Users/seanr/vitis_projects/fpp_project/singleStep_baseline/equalStep_baseline/hls opened at Sat Mar 07 14:42:57 -0700 2026
Execute       send_msg_by_id INFO @200-1505@%s%s default  vivado 
INFO: [HLS 200-1505] Using default flow_target 'vivado'
Execute       send_msg_by_id INFO @200-2174@%s%s component C:/Users/seanr/vitis_projects/fpp_project/singleStep_baseline/hls_config.cfg 
INFO: [HLS 200-2174] Applying component config ini file C:/Users/seanr/vitis_projects/fpp_project/singleStep_baseline/hls_config.cfg
Execute       apply_ini C:/Users/seanr/vitis_projects/fpp_project/singleStep_baseline/hls_config.cfg 
Execute         send_msg_by_id INFO @200-1465@%s 'syn.file=../src/equalStep_baseline.cpp' from C:/Users/seanr/vitis_projects/fpp_project/singleStep_baseline/hls_config.cfg(8) 
INFO: [HLS 200-1465] Applying config ini 'syn.file=../src/equalStep_baseline.cpp' from C:/Users/seanr/vitis_projects/fpp_project/singleStep_baseline/hls_config.cfg(8)
Execute         add_files C:/Users/seanr/vitis_projects/fpp_project/src/equalStep_baseline.cpp 
INFO: [HLS 200-10] Adding design file 'C:/Users/seanr/vitis_projects/fpp_project/src/equalStep_baseline.cpp' to the project
Execute         send_msg_by_id INFO @200-1465@%s 'syn.file=../include/equalStep_baseline.h' from C:/Users/seanr/vitis_projects/fpp_project/singleStep_baseline/hls_config.cfg(9) 
INFO: [HLS 200-1465] Applying config ini 'syn.file=../include/equalStep_baseline.h' from C:/Users/seanr/vitis_projects/fpp_project/singleStep_baseline/hls_config.cfg(9)
Execute         add_files C:/Users/seanr/vitis_projects/fpp_project/include/equalStep_baseline.h 
INFO: [HLS 200-10] Adding design file 'C:/Users/seanr/vitis_projects/fpp_project/include/equalStep_baseline.h' to the project
Execute         send_msg_by_id INFO @200-1465@%s 'syn.file=../include/stb_image.h' from C:/Users/seanr/vitis_projects/fpp_project/singleStep_baseline/hls_config.cfg(10) 
INFO: [HLS 200-1465] Applying config ini 'syn.file=../include/stb_image.h' from C:/Users/seanr/vitis_projects/fpp_project/singleStep_baseline/hls_config.cfg(10)
Execute         add_files C:/Users/seanr/vitis_projects/fpp_project/include/stb_image.h 
INFO: [HLS 200-10] Adding design file 'C:/Users/seanr/vitis_projects/fpp_project/include/stb_image.h' to the project
Execute         send_msg_by_id INFO @200-1465@%s 'tb.file=../test/tb_equalStep.cpp' from C:/Users/seanr/vitis_projects/fpp_project/singleStep_baseline/hls_config.cfg(11) 
INFO: [HLS 200-1465] Applying config ini 'tb.file=../test/tb_equalStep.cpp' from C:/Users/seanr/vitis_projects/fpp_project/singleStep_baseline/hls_config.cfg(11)
Execute         add_files -tb C:/Users/seanr/vitis_projects/fpp_project/test/tb_equalStep.cpp 
INFO: [HLS 200-10] Adding test bench file 'C:/Users/seanr/vitis_projects/fpp_project/test/tb_equalStep.cpp' to the project
Execute         send_msg_by_id INFO @200-1465@%s 'tb.file=../TestData' from C:/Users/seanr/vitis_projects/fpp_project/singleStep_baseline/hls_config.cfg(12) 
INFO: [HLS 200-1465] Applying config ini 'tb.file=../TestData' from C:/Users/seanr/vitis_projects/fpp_project/singleStep_baseline/hls_config.cfg(12)
Execute         add_files -tb C:/Users/seanr/vitis_projects/fpp_project/TestData 
INFO: [HLS 200-10] Adding test bench file 'C:/Users/seanr/vitis_projects/fpp_project/TestData' to the project
Execute         send_msg_by_id INFO @200-1465@%s 'syn.top=equalStep_baseline' from C:/Users/seanr/vitis_projects/fpp_project/singleStep_baseline/hls_config.cfg(7) 
INFO: [HLS 200-1465] Applying config ini 'syn.top=equalStep_baseline' from C:/Users/seanr/vitis_projects/fpp_project/singleStep_baseline/hls_config.cfg(7)
Execute         set_top equalStep_baseline 
Execute         send_msg_by_id INFO @200-1465@%s 'flow_target=vivado' from C:/Users/seanr/vitis_projects/fpp_project/singleStep_baseline/hls_config.cfg(4) 
INFO: [HLS 200-1465] Applying config ini 'flow_target=vivado' from C:/Users/seanr/vitis_projects/fpp_project/singleStep_baseline/hls_config.cfg(4)
Execute         send_msg_by_id INFO @200-1505@%s%s  vivado 
INFO: [HLS 200-1505] Using flow_target 'vivado'
Execute         send_msg_by_id INFO @200-1465@%s 'part=xc7z020clg400-1' from C:/Users/seanr/vitis_projects/fpp_project/singleStep_baseline/hls_config.cfg(1) 
INFO: [HLS 200-1465] Applying config ini 'part=xc7z020clg400-1' from C:/Users/seanr/vitis_projects/fpp_project/singleStep_baseline/hls_config.cfg(1)
Execute         set_part xc7z020clg400-1 
Execute           create_platform xc7z020clg400-1 -board  
DBG:HLSDevice: Trying to load device library: C:/Xilinx/2025.1/Vitis\lib\win64.o\xv_hlsvwrap.dll
DBG:HLSDevice: first parts/arch.xml in RDI_DATADIR: C:/Xilinx/2025.1/Vivado/data/parts/arch.xml
DBG:HLSDevice: init success
INFO: [HLS 200-1611] Setting target device to 'xc7z020-clg400-1'
Command           create_platform done; 1.318 sec.
Execute           source C:/Xilinx/2025.1/Vitis/common/technology/xilinx/common/xilinx.gen 
Execute             source C:/Xilinx/2025.1/Vitis/common/technology/xilinx/interface/plb46.gen 
Execute             source C:/Xilinx/2025.1/Vitis/common/technology/xilinx/interface/axi4.gen 
Execute             source C:/Xilinx/2025.1/Vitis/common/technology/xilinx/interface/nativeAXI4.gen 
Execute               source C:/Xilinx/2025.1/Vitis/common/technology/xilinx/interface/saxilite.gen 
Execute             source C:/Xilinx/2025.1/Vitis/common/technology/xilinx/scripts/xilinxcoregen.gen 
Execute             source C:/Xilinx/2025.1/Vitis/common/technology/xilinx/interface/XilEDKCoreGen.gen 
Execute             source C:/Xilinx/2025.1/Vitis/common/technology/xilinx/ip/dds_compiler.gen 
Execute             source C:/Xilinx/2025.1/Vitis/common/technology/xilinx/ip/util.gen 
Execute             source C:/Xilinx/2025.1/Vitis/common/technology/xilinx/ip/xfft.gen 
Execute             source C:/Xilinx/2025.1/Vitis/common/technology/xilinx/ip/xfir.gen 
Execute             source C:/Xilinx/2025.1/Vitis/common/technology/xilinx/DSP48/dsp48.gen 
Command           ap_source done; 0.102 sec.
Execute           ap_part_info -name xc7z020-clg400-1 -data info 
Execute           config_compile -quiet -complex-mul-dsp=0 
Command         set_part done; 1.458 sec.
Execute         send_msg_by_id INFO @200-1465@%s 'package.output.format=ip_catalog' from C:/Users/seanr/vitis_projects/fpp_project/singleStep_baseline/hls_config.cfg(5) 
INFO: [HLS 200-1465] Applying config ini 'package.output.format=ip_catalog' from C:/Users/seanr/vitis_projects/fpp_project/singleStep_baseline/hls_config.cfg(5)
Execute         config_export -format=ip_catalog 
Command       apply_ini done; 1.523 sec.
Execute       write_component -config C:/Users/seanr/vitis_projects/fpp_project/singleStep_baseline/hls_config.cfg 
Execute         send_msg_by_id INFO @200-2176@%s C:/Users/seanr/vitis_projects/fpp_project/singleStep_baseline/equalStep_baseline/vitis-comp.json 
INFO: [HLS 200-2176] Writing Vitis IDE component file C:/Users/seanr/vitis_projects/fpp_project/singleStep_baseline/equalStep_baseline/vitis-comp.json
Command     open_solution done; 2.248 sec.
Command   open_component done; 2.255 sec.
Execute   apply_ini C:/Users/seanr/vitis_projects/fpp_project/singleStep_baseline/equalStep_baseline/hls/config.cmdline -iscmdline 
Execute   ::AP::init_summary_file csim 
Execute     AP::app_get_file_relativeroot [AP::app_get_root] {}
Execute   csim_design 
INFO-FLOW: Running SLX 'csim' proc: ::SLX::run_csim
INFO: [SIM 211-2] *************** CSIM start ***************
INFO: [SIM 211-4] CSIM will launch CLANG as the compiler.
Execute     source csim/.lst_opt.tcl 
Execute     send_msg_by_id INFO @200-2036@%s debug 
INFO: [HLS 200-2036] Building debug C Simulation binaries
Execute     ap_part_info -name xc7z020-clg400-1 -data info 
Execute     source run_sim.tcl 
Command     ap_source done; 113.132 sec.
INFO: [SIM 211-1] CSim done with 0 errors.
INFO: [SIM 211-3] *************** CSIM finish ***************
Command   csim_design done; 114.795 sec.
Execute   close_project 
Execute     close_solution 
Execute       cleanup_all 
Execute       cleanup_all 
